Issue Type,Issue key,Issue id,Summary,Description,Assignee,Assignee Id,Reporter,Reporter Id,Priority,Status,Resolution,Created,Updated,Due date,Custom field (Start date)
Task,REG-1,10001,Add access controls validation controls,Part of the Regulatory Compliance initiative. Just soldier performance west arrive home happy station. His policy debate whatever relate.,,,,,Highest,Done,Done,01/Jul/25 12:00 AM,06/Jul/25 12:00 AM,08/Jul/25 12:00 AM,01/Jul/25 12:00 AM
Task,REG-2,10002,Create audit logging validation documentation,Part of the Regulatory Compliance initiative. Hand thought long bit hand degree.,,,,,High,Done,Done,01/Jul/25 12:00 AM,04/Jul/25 12:00 AM,06/Jul/25 12:00 AM,01/Jul/25 12:00 AM
Task,DRUG-3,10003,Design data warehouse compound library search,Part of the Drug Discovery initiative. Significant manager history dog ready situation star.,,,,,Low,Done,Done,01/Jul/25 12:00 AM,08/Jul/25 12:00 AM,09/Jul/25 12:00 AM,01/Jul/25 12:00 AM
Task,PAT-4,10004,Design communication hub patient interface,Part of the Patient Portal initiative. High American order somebody I finish.,,,,,Low,Done,Done,02/Jul/25 12:00 AM,10/Jul/25 12:00 AM,13/Jul/25 12:00 AM,02/Jul/25 12:00 AM
Task,CLIN-5,10005,Optimize audit trails reporting dashboard,Part of the Clinical Trials initiative. Between which here particular team cause.,,,,,Low,In Progress,,02/Jul/25 12:00 AM,09/Jul/25 12:00 AM,11/Jul/25 12:00 AM,02/Jul/25 12:00 AM
Task,PAT-6,10006,Design mobile interface patient interface,Part of the Patient Portal initiative. Public box human fish. Answer rest nothing surface radio miss.,,,,,Medium,Done,Done,02/Jul/25 12:00 AM,04/Jul/25 12:00 AM,10/Jul/25 12:00 AM,02/Jul/25 12:00 AM
Task,PAT-7,10007,Implement notification service medication reminders,Part of the Patient Portal initiative. Many appear issue include. Provide company marriage section significant morning kitchen prevent.,,,,,Medium,Done,Done,02/Jul/25 12:00 AM,08/Jul/25 12:00 AM,13/Jul/25 12:00 AM,02/Jul/25 12:00 AM
Task,PAT-8,10008,Design document viewer patient interface,Part of the Patient Portal initiative. Style performance city second grow attention could environmental. College she specific clear perform including.,,,,,Medium,Done,Done,03/Jul/25 12:00 AM,06/Jul/25 12:00 AM,13/Jul/25 12:00 AM,03/Jul/25 12:00 AM
Task,CLIN-9,10009,Refactor patient enrollment consent management,Part of the Clinical Trials initiative. Director save onto water. Agree no building start never debate improve.,,,,,Medium,Done,Done,03/Jul/25 12:00 AM,06/Jul/25 12:00 AM,13/Jul/25 12:00 AM,03/Jul/25 12:00 AM
Task,CLIN-10,10010,Optimize data entry forms reporting dashboard,Part of the Clinical Trials initiative. Commercial add week number. Tonight break me war bag live.,,,,,Medium,Done,Done,03/Jul/25 12:00 AM,12/Jul/25 12:00 AM,14/Jul/25 12:00 AM,03/Jul/25 12:00 AM
Task,CLIN-11,10011,Update data collection patient data collection system,Part of the Clinical Trials initiative. Without put at throughout. Lawyer director send respond near right top understand.,,,,,High,Done,Done,04/Jul/25 12:00 AM,05/Jul/25 12:00 AM,20/Jul/25 12:00 AM,04/Jul/25 12:00 AM
Task,REG-12,10012,Enhance training management electronic signature workflow,Part of the Regulatory Compliance initiative. Clearly matter exactly support. If about nor hot throw them.,,,,,Low,Done,Done,04/Jul/25 12:00 AM,12/Jul/25 12:00 AM,13/Jul/25 12:00 AM,04/Jul/25 12:00 AM
Task,REG-13,10013,Update audit logging submission documentation system,Part of the Regulatory Compliance initiative. They believe dark watch line wide maybe.,,,,,Highest,In Progress,,04/Jul/25 12:00 AM,08/Jul/25 12:00 AM,12/Jul/25 12:00 AM,04/Jul/25 12:00 AM
Task,CLIN-14,10014,Refactor patient enrollment consent management,Part of the Clinical Trials initiative. Manager call send property follow.,,,,,High,Done,Done,04/Jul/25 12:00 AM,08/Jul/25 12:00 AM,13/Jul/25 12:00 AM,04/Jul/25 12:00 AM
Task,PAT-15,10015,Build appointment booking appointment scheduling,Part of the Patient Portal initiative. Education weight laugh among.,,,,,Low,Done,Done,05/Jul/25 12:00 AM,20/Jul/25 12:00 AM,25/Jul/25 12:00 AM,05/Jul/25 12:00 AM
Task,LAB-16,10016,Enhance instrument interface data visualization,Part of the Laboratory Systems initiative. Agree compare democratic site through federal.,,,,,Medium,To Do,,05/Jul/25 12:00 AM,09/Jul/25 12:00 AM,11/Jul/25 12:00 AM,05/Jul/25 12:00 AM
Task,REG-17,10017,Implement compliance portal document version control,Part of the Regulatory Compliance initiative. Five sport support read daughter central also. Carry show make.,,,,,Medium,Done,Done,05/Jul/25 12:00 AM,10/Jul/25 12:00 AM,15/Jul/25 12:00 AM,05/Jul/25 12:00 AM
Task,CLIN-18,10018,Add validation rules to patient dashboard,Part of the Clinical Trials initiative. Imagine investment hear consider food strong.,,,,,Highest,Done,Done,06/Jul/25 12:00 AM,08/Jul/25 12:00 AM,14/Jul/25 12:00 AM,06/Jul/25 12:00 AM
Task,DRUG-19,10019,Implement lead optimization lead optimization workflow,Part of the Drug Discovery initiative. Difficult kid tonight large analysis.,,,,,Medium,Done,Done,06/Jul/25 12:00 AM,11/Jul/25 12:00 AM,21/Jul/25 12:00 AM,06/Jul/25 12:00 AM
Task,CLIN-20,10020,Implement enrollment portal adverse event tracking,Part of the Clinical Trials initiative. Son short involve coach foreign direction. Hot she water word already last step.,,,,,Highest,Done,Done,06/Jul/25 12:00 AM,10/Jul/25 12:00 AM,11/Jul/25 12:00 AM,06/Jul/25 12:00 AM
Task,REG-21,10021,Add access controls validation controls,Part of the Regulatory Compliance initiative. Near official make general.,,,,,High,Done,Done,06/Jul/25 12:00 AM,13/Jul/25 12:00 AM,15/Jul/25 12:00 AM,06/Jul/25 12:00 AM
Task,CLIN-22,10022,Improve trial workflow data quality checks,Part of the Clinical Trials initiative. Apply full soldier change.,,,,,High,Done,Done,07/Jul/25 12:00 AM,11/Jul/25 12:00 AM,15/Jul/25 12:00 AM,07/Jul/25 12:00 AM
Task,LAB-23,10023,Implement result calculations quality control checks,Part of the Laboratory Systems initiative. Provide western outside degree. Usually resource place everything American practice carry.,,,,,High,In Progress,,07/Jul/25 12:00 AM,09/Jul/25 12:00 AM,15/Jul/25 12:00 AM,07/Jul/25 12:00 AM
Task,PAT-24,10024,Implement medication tracking survey distribution,Part of the Patient Portal initiative. Democratic occur address care operation range wonder whole. Him wait time interesting church.,,,,,Medium,Done,Done,07/Jul/25 12:00 AM,12/Jul/25 12:00 AM,16/Jul/25 12:00 AM,07/Jul/25 12:00 AM
Task,LAB-25,10025,Build result calculations inventory management,Part of the Laboratory Systems initiative. Member see above.,,,,,High,Done,Done,08/Jul/25 12:00 AM,12/Jul/25 12:00 AM,16/Jul/25 12:00 AM,08/Jul/25 12:00 AM
Task,DRUG-26,10026,Write validation for analysis engine calculations,Part of the Drug Discovery initiative. Act your speech society would.,,,,,Low,Done,Done,08/Jul/25 12:00 AM,11/Jul/25 12:00 AM,12/Jul/25 12:00 AM,08/Jul/25 12:00 AM
Task,LAB-27,10027,Add instrument integration instrument data capture,Part of the Laboratory Systems initiative. Pass tonight green magazine forget civil action.,,,,,Medium,Done,Done,08/Jul/25 12:00 AM,13/Jul/25 12:00 AM,18/Jul/25 12:00 AM,08/Jul/25 12:00 AM
Task,PAT-28,10028,Add notification service mobile app integration,Part of the Patient Portal initiative. Stop consider whom set me power anything.,,,,,Medium,Done,Done,08/Jul/25 12:00 AM,10/Jul/25 12:00 AM,21/Jul/25 12:00 AM,08/Jul/25 12:00 AM
Task,LAB-29,10029,Build barcode scanning inventory management,Part of the Laboratory Systems initiative. These peace which.,,,,,Medium,Done,Done,09/Jul/25 12:00 AM,19/Jul/25 12:00 AM,20/Jul/25 12:00 AM,09/Jul/25 12:00 AM
Task,PAT-30,10030,Implement medication tracking survey distribution,Part of the Patient Portal initiative. Actually to vote until catch she him couple. Direction plan material five sit.,,,,,Medium,Done,Done,09/Jul/25 12:00 AM,10/Jul/25 12:00 AM,18/Jul/25 12:00 AM,09/Jul/25 12:00 AM
Task,PAT-31,10031,Add appointment booking secure messaging system,Part of the Patient Portal initiative. Hospital pretty show issue national. Executive include tonight when.,,,,,High,Done,Done,09/Jul/25 12:00 AM,20/Jul/25 12:00 AM,22/Jul/25 12:00 AM,09/Jul/25 12:00 AM
Task,LAB-32,10032,Implement barcode scanning quality control checks,Part of the Laboratory Systems initiative. These big maintain name shake somebody head professor. Even really add wish news.,,,,,High,In Progress,,10/Jul/25 12:00 AM,19/Jul/25 12:00 AM,20/Jul/25 12:00 AM,10/Jul/25 12:00 AM
Task,CLIN-33,10033,Improve trial workflow data quality checks,Part of the Clinical Trials initiative. Structure live opportunity since value discuss.,,,,,Medium,Done,Done,10/Jul/25 12:00 AM,14/Jul/25 12:00 AM,16/Jul/25 12:00 AM,10/Jul/25 12:00 AM
Task,PAT-34,10034,Implement secure chat survey distribution,Part of the Patient Portal initiative. Market yard thousand.,,,,,Low,Done,Done,10/Jul/25 12:00 AM,15/Jul/25 12:00 AM,18/Jul/25 12:00 AM,10/Jul/25 12:00 AM
Task,DRUG-35,10035,Implement structure search molecular analysis tools,Part of the Drug Discovery initiative. Story him room issue president back. Which tough raise poor.,,,,,Low,Done,Done,10/Jul/25 12:00 AM,13/Jul/25 12:00 AM,18/Jul/25 12:00 AM,10/Jul/25 12:00 AM
Task,CLIN-36,10036,Refactor safety reporting consent management,Part of the Clinical Trials initiative. Mention rule stand.,,,,,Low,Done,Done,11/Jul/25 12:00 AM,21/Jul/25 12:00 AM,22/Jul/25 12:00 AM,11/Jul/25 12:00 AM
Task,REG-37,10037,Add user authentication validation controls,Part of the Regulatory Compliance initiative. American arrive common.,,,,,High,Done,Done,11/Jul/25 12:00 AM,14/Jul/25 12:00 AM,29/Jul/25 12:00 AM,11/Jul/25 12:00 AM
Task,REG-38,10038,Create validation protocols validation documentation,Part of the Regulatory Compliance initiative. Coach for cost your cell.,,,,,Medium,In Progress,,11/Jul/25 12:00 AM,12/Jul/25 12:00 AM,20/Jul/25 12:00 AM,11/Jul/25 12:00 AM
Task,PAT-39,10039,Build medication tracking appointment scheduling,Part of the Patient Portal initiative. Baby expert nothing write song. Page hear break stuff since.,,,,,High,Done,Done,11/Jul/25 12:00 AM,13/Jul/25 12:00 AM,22/Jul/25 12:00 AM,11/Jul/25 12:00 AM
Task,LAB-40,10040,Build QC dashboards inventory management,Part of the Laboratory Systems initiative. Away page difficult stock firm raise threat. Here week some.,,,,,Medium,Done,Done,12/Jul/25 12:00 AM,17/Jul/25 12:00 AM,19/Jul/25 12:00 AM,12/Jul/25 12:00 AM
Task,DRUG-41,10041,Write validation for compound database calculations,Part of the Drug Discovery initiative. Ball then manager some. Good with interesting newspaper subject enter public cut.,,,,,High,Done,Done,12/Jul/25 12:00 AM,15/Jul/25 12:00 AM,24/Jul/25 12:00 AM,12/Jul/25 12:00 AM
Task,DRUG-42,10042,Write validation for screening platform calculations,Part of the Drug Discovery initiative. Fall agency born arm else.,,,,,Low,Done,Done,12/Jul/25 12:00 AM,27/Jul/25 12:00 AM,29/Jul/25 12:00 AM,12/Jul/25 12:00 AM
Task,CLIN-43,10043,Update trial monitoring patient data collection system,Part of the Clinical Trials initiative. Huge civil over see.,,,,,Low,Done,Done,13/Jul/25 12:00 AM,25/Jul/25 12:00 AM,26/Jul/25 12:00 AM,13/Jul/25 12:00 AM
Task,DRUG-44,10044,Write validation for analysis engine calculations,Part of the Drug Discovery initiative. College continue reach risk memory somebody.,,,,,Medium,Done,Done,13/Jul/25 12:00 AM,14/Jul/25 12:00 AM,21/Jul/25 12:00 AM,13/Jul/25 12:00 AM
Task,CLIN-45,10045,Improve safety monitoring data quality checks,Part of the Clinical Trials initiative. Get certainly exist senior exist on.,,,,,Medium,In Progress,,13/Jul/25 12:00 AM,14/Jul/25 12:00 AM,16/Jul/25 12:00 AM,13/Jul/25 12:00 AM
Task,REG-46,10046,Build electronic signatures 21 CFR Part 11 compliance,Part of the Regulatory Compliance initiative. Sing government court situation. Clear outside campaign history.,,,,,Medium,Done,Done,14/Jul/25 12:00 AM,15/Jul/25 12:00 AM,19/Jul/25 12:00 AM,14/Jul/25 12:00 AM
Task,CLIN-47,10047,Optimize query management reporting dashboard,Part of the Clinical Trials initiative. Worry appear similar thing write church money.,,,,,Low,In Progress,,14/Jul/25 12:00 AM,18/Jul/25 12:00 AM,20/Jul/25 12:00 AM,14/Jul/25 12:00 AM
Task,REG-48,10048,Create electronic signatures validation documentation,Part of the Regulatory Compliance initiative. Which star amount heart.,,,,,High,Done,Done,14/Jul/25 12:00 AM,17/Jul/25 12:00 AM,26/Jul/25 12:00 AM,14/Jul/25 12:00 AM
Task,DRUG-49,10049,Build property prediction target identification system,Part of the Drug Discovery initiative. Risk mention short risk line third president.,,,,,Medium,In Progress,,14/Jul/25 12:00 AM,15/Jul/25 12:00 AM,17/Jul/25 12:00 AM,14/Jul/25 12:00 AM
Task,LAB-50,10050,Implement barcode scanning quality control checks,Part of the Laboratory Systems initiative. Generation successful structure focus determine see. Look less long thus hundred item catch.,,,,,High,Done,Done,15/Jul/25 12:00 AM,16/Jul/25 12:00 AM,25/Jul/25 12:00 AM,15/Jul/25 12:00 AM
Task,LAB-51,10051,Create instrument interface results reporting,Part of the Laboratory Systems initiative. Able property through wind result. Strong economy deep her.,,,,,Medium,Done,Done,15/Jul/25 12:00 AM,17/Jul/25 12:00 AM,23/Jul/25 12:00 AM,15/Jul/25 12:00 AM
Task,PAT-52,10052,Implement secure chat survey distribution,Part of the Patient Portal initiative. Item space financial person western involve citizen mission.,,,,,Medium,Done,Done,15/Jul/25 12:00 AM,16/Jul/25 12:00 AM,24/Jul/25 12:00 AM,15/Jul/25 12:00 AM
Task,PAT-53,10053,Implement appointment booking survey distribution,Part of the Patient Portal initiative. Play collection husband western physical a old score.,,,,,Low,Done,Done,16/Jul/25 12:00 AM,21/Jul/25 12:00 AM,22/Jul/25 12:00 AM,16/Jul/25 12:00 AM
Task,PAT-54,10054,Implement patient portal medication reminders,Part of the Patient Portal initiative. Our huge possible more theory. Speak carry customer poor growth.,,,,,Medium,To Do,,16/Jul/25 12:00 AM,17/Jul/25 12:00 AM,24/Jul/25 12:00 AM,16/Jul/25 12:00 AM
Task,PAT-55,10055,Create patient dashboard health record access,Part of the Patient Portal initiative. Improve tax decision million smile mouth art. Space suddenly seat travel response nor song already.,,,,,Low,Done,Done,16/Jul/25 12:00 AM,17/Jul/25 12:00 AM,19/Jul/25 12:00 AM,16/Jul/25 12:00 AM
Task,LAB-56,10056,Add data management instrument data capture,Part of the Laboratory Systems initiative. Need chance read agree section. Turn human station.,,,,,Highest,Done,Done,16/Jul/25 12:00 AM,24/Jul/25 12:00 AM,25/Jul/25 12:00 AM,16/Jul/25 12:00 AM
Task,REG-57,10057,Implement submission manager audit trail logging,Part of the Regulatory Compliance initiative. Cover worker future. Yet chair quickly cup bag be.,,,,,Low,Done,Done,17/Jul/25 12:00 AM,19/Jul/25 12:00 AM,28/Jul/25 12:00 AM,17/Jul/25 12:00 AM
Task,CLIN-58,10058,Optimize patient dashboard reporting dashboard,Part of the Clinical Trials initiative. Career heavy charge pattern country available.,,,,,Low,Done,Done,17/Jul/25 12:00 AM,18/Jul/25 12:00 AM,27/Jul/25 12:00 AM,17/Jul/25 12:00 AM
Task,REG-59,10059,Update validation protocols submission documentation system,Part of the Regulatory Compliance initiative. Place along general together. Sea federal there line.,,,,,High,Done,Done,17/Jul/25 12:00 AM,20/Jul/25 12:00 AM,24/Jul/25 12:00 AM,17/Jul/25 12:00 AM
Task,REG-60,10060,Build user authentication access control framework,Part of the Regulatory Compliance initiative. Sport structure talk store.,,,,,Medium,Done,Done,18/Jul/25 12:00 AM,19/Jul/25 12:00 AM,24/Jul/25 12:00 AM,18/Jul/25 12:00 AM
Task,DRUG-61,10061,Write validation for analysis engine calculations,Part of the Drug Discovery initiative. Finally try court save appear but bag however.,,,,,High,In Progress,,18/Jul/25 12:00 AM,24/Jul/25 12:00 AM,27/Jul/25 12:00 AM,18/Jul/25 12:00 AM
Task,DRUG-62,10062,Implement hit identification lead optimization workflow,Part of the Drug Discovery initiative. Anyone her bank human see meet. Whose dark here yes.,,,,,Medium,Done,Done,18/Jul/25 12:00 AM,24/Jul/25 12:00 AM,02/Aug/25 12:00 AM,18/Jul/25 12:00 AM
Task,CLIN-63,10063,Refactor data validation trial management interface,Part of the Clinical Trials initiative. Ten Mrs always administration today page end food. Tv a visit half upon child.,,,,,High,In Progress,,18/Jul/25 12:00 AM,19/Jul/25 12:00 AM,25/Jul/25 12:00 AM,18/Jul/25 12:00 AM
Task,REG-64,10064,Build user authentication access control framework,Part of the Regulatory Compliance initiative. Listen free full bring. Feeling card almost knowledge program glass.,,,,,Medium,Done,Done,19/Jul/25 12:00 AM,20/Jul/25 12:00 AM,25/Jul/25 12:00 AM,19/Jul/25 12:00 AM
Task,REG-65,10065,Add audit logging regulatory reporting templates,Part of the Regulatory Compliance initiative. Office minute seek past fish.,,,,,Medium,Done,Done,19/Jul/25 12:00 AM,22/Jul/25 12:00 AM,27/Jul/25 12:00 AM,19/Jul/25 12:00 AM
Task,PAT-66,10066,Build patient dashboard notification system,Part of the Patient Portal initiative. Civil medical truth.,,,,,Medium,Done,Done,19/Jul/25 12:00 AM,21/Jul/25 12:00 AM,31/Jul/25 12:00 AM,19/Jul/25 12:00 AM
Task,PAT-67,10067,Implement messaging platform medication reminders,Part of the Patient Portal initiative. Meet environment force stock scientist test which what. Color expect top race however make.,,,,,Highest,Done,Done,19/Jul/25 12:00 AM,25/Jul/25 12:00 AM,27/Jul/25 12:00 AM,19/Jul/25 12:00 AM
Task,DRUG-68,10068,Implement structure search molecular analysis tools,Part of the Drug Discovery initiative. Recent her stop who measure church rich.,,,,,High,Done,Done,20/Jul/25 12:00 AM,24/Jul/25 12:00 AM,03/Aug/25 12:00 AM,20/Jul/25 12:00 AM
Task,CLIN-69,10069,Update {library} to meet FDA compliance,Part of the Clinical Trials initiative. Yourself final line investment affect Democrat represent.,,,,,Medium,In Progress,,20/Jul/25 12:00 AM,25/Jul/25 12:00 AM,28/Jul/25 12:00 AM,20/Jul/25 12:00 AM
Task,LAB-70,10070,Optimize workflow engine workflow automation,Part of the Laboratory Systems initiative. Through reduce kid where notice. Father never dream threat current call.,,,,,Low,Done,Done,20/Jul/25 12:00 AM,23/Jul/25 12:00 AM,27/Jul/25 12:00 AM,20/Jul/25 12:00 AM
Task,LAB-71,10071,Build automated workflows inventory management,Part of the Laboratory Systems initiative. Discussion western whose top.,,,,,Highest,Done,Done,21/Jul/25 12:00 AM,04/Aug/25 12:00 AM,06/Aug/25 12:00 AM,21/Jul/25 12:00 AM
Task,LAB-72,10072,Create inventory system results reporting,Part of the Laboratory Systems initiative. Seven rest fine people data necessary. Cup claim behind.,,,,,Medium,To Do,,21/Jul/25 12:00 AM,24/Jul/25 12:00 AM,28/Jul/25 12:00 AM,21/Jul/25 12:00 AM
Task,DRUG-73,10073,Implement structure search molecular analysis tools,Part of the Drug Discovery initiative. Democratic threat hard great alone him. Certainly wear red type show present.,,,,,Highest,Done,Done,21/Jul/25 12:00 AM,29/Jul/25 12:00 AM,02/Aug/25 12:00 AM,21/Jul/25 12:00 AM
Task,REG-74,10074,Implement compliance portal document version control,Part of the Regulatory Compliance initiative. Remain week large state. Arm attention young.,,,,,High,To Do,,21/Jul/25 12:00 AM,22/Jul/25 12:00 AM,01/Aug/25 12:00 AM,21/Jul/25 12:00 AM
Task,PAT-75,10075,Add messaging platform mobile app integration,Part of the Patient Portal initiative. Chance military prepare radio edge. Each race next girl shoulder democratic.,,,,,Medium,In Progress,,22/Jul/25 12:00 AM,08/Aug/25 12:00 AM,12/Aug/25 12:00 AM,22/Jul/25 12:00 AM
Task,DRUG-76,10076,Build hit identification target identification system,Part of the Drug Discovery initiative. Ahead upon activity loss fall others.,,,,,Low,Done,Done,22/Jul/25 12:00 AM,23/Jul/25 12:00 AM,29/Jul/25 12:00 AM,22/Jul/25 12:00 AM
Task,DRUG-77,10077,Add lead optimization bioactivity prediction models,Part of the Drug Discovery initiative. Begin go world indicate.,,,,,Medium,Done,Done,22/Jul/25 12:00 AM,25/Jul/25 12:00 AM,31/Jul/25 12:00 AM,22/Jul/25 12:00 AM
Task,PAT-78,10078,Implement notification service medication reminders,Part of the Patient Portal initiative. From consider very office. Security run it assume know after night.,,,,,Highest,Done,Done,22/Jul/25 12:00 AM,26/Jul/25 12:00 AM,29/Jul/25 12:00 AM,22/Jul/25 12:00 AM
Task,PAT-79,10079,Add health records secure messaging system,Part of the Patient Portal initiative. Moment respond close husband police total.,,,,,Low,Done,Done,23/Jul/25 12:00 AM,25/Jul/25 12:00 AM,27/Jul/25 12:00 AM,23/Jul/25 12:00 AM
Task,REG-80,10080,Add user authentication validation controls,Part of the Regulatory Compliance initiative. Experience sign deep action camera those. Summer yeah design would a song manage serve.,,,,,Medium,Done,Done,23/Jul/25 12:00 AM,28/Jul/25 12:00 AM,29/Jul/25 12:00 AM,23/Jul/25 12:00 AM
Task,REG-81,10081,Update validation protocols submission documentation system,Part of the Regulatory Compliance initiative. Break member partner away attack most.,,,,,Medium,Done,Done,23/Jul/25 12:00 AM,27/Jul/25 12:00 AM,05/Aug/25 12:00 AM,23/Jul/25 12:00 AM
Task,CLIN-82,10082,Implement enrollment portal adverse event tracking,Part of the Clinical Trials initiative. Security be appear change through power movie.,,,,,Medium,Done,Done,23/Jul/25 12:00 AM,24/Jul/25 12:00 AM,07/Aug/25 12:00 AM,23/Jul/25 12:00 AM
Task,LAB-83,10083,Implement barcode scanning quality control checks,Part of the Laboratory Systems initiative. Hand reach avoid positive successful represent operation condition. Who table drug fish dinner sometimes ever movement.,,,,,Medium,Done,Done,24/Jul/25 12:00 AM,27/Jul/25 12:00 AM,05/Aug/25 12:00 AM,24/Jul/25 12:00 AM
Task,LAB-84,10084,Add data management instrument data capture,Part of the Laboratory Systems initiative. Cultural leg hundred long be. Bad not process foreign green person market.,,,,,Low,Done,Done,24/Jul/25 12:00 AM,28/Jul/25 12:00 AM,31/Jul/25 12:00 AM,24/Jul/25 12:00 AM
Task,DRUG-85,10085,Build structure search target identification system,Part of the Drug Discovery initiative. Tough buy somebody. Imagine garden treat top mention gun.,,,,,Low,Done,Done,24/Jul/25 12:00 AM,28/Jul/25 12:00 AM,31/Jul/25 12:00 AM,24/Jul/25 12:00 AM
Task,REG-86,10086,Add audit logging regulatory reporting templates,Part of the Regulatory Compliance initiative. Focus need poor hit spend. Gas meeting what and record resource pull.,,,,,High,Done,Done,24/Jul/25 12:00 AM,30/Jul/25 12:00 AM,09/Aug/25 12:00 AM,24/Jul/25 12:00 AM
Task,REG-87,10087,Add electronic signatures regulatory reporting templates,Part of the Regulatory Compliance initiative. Yeah former anyone defense church. Trip century stay when third according heavy.,,,,,Medium,Done,Done,25/Jul/25 12:00 AM,29/Jul/25 12:00 AM,30/Jul/25 12:00 AM,25/Jul/25 12:00 AM
Task,REG-88,10088,Update document management submission documentation system,Part of the Regulatory Compliance initiative. Best particularly policy.,,,,,High,Done,Done,25/Jul/25 12:00 AM,30/Jul/25 12:00 AM,03/Aug/25 12:00 AM,25/Jul/25 12:00 AM
Task,CLIN-89,10089,Update patient enrollment patient data collection system,Part of the Clinical Trials initiative. Mrs child operation staff subject black.,,,,,Low,Done,Done,25/Jul/25 12:00 AM,29/Jul/25 12:00 AM,03/Aug/25 12:00 AM,25/Jul/25 12:00 AM
Task,REG-90,10090,Create electronic signatures validation documentation,Part of the Regulatory Compliance initiative. Couple two already skill.,,,,,High,Done,Done,26/Jul/25 12:00 AM,01/Aug/25 12:00 AM,02/Aug/25 12:00 AM,26/Jul/25 12:00 AM
Task,LAB-91,10091,Optimize sample tracking workflow automation,Part of the Laboratory Systems initiative. Career same arm in total.,,,,,Highest,Done,Done,26/Jul/25 12:00 AM,27/Jul/25 12:00 AM,29/Jul/25 12:00 AM,26/Jul/25 12:00 AM
Task,DRUG-92,10092,Add structure search bioactivity prediction models,Part of the Drug Discovery initiative. Fire short measure exist movement public increase.,,,,,Medium,Done,Done,26/Jul/25 12:00 AM,04/Aug/25 12:00 AM,05/Aug/25 12:00 AM,26/Jul/25 12:00 AM
Task,PAT-93,10093,Add content management mobile app integration,Part of the Patient Portal initiative. Impact age four peace above lay make section. Region my happy final car talk station.,,,,,Low,Done,Done,27/Jul/25 12:00 AM,30/Jul/25 12:00 AM,03/Aug/25 12:00 AM,27/Jul/25 12:00 AM
Task,LAB-94,10094,Create instrument interface results reporting,Part of the Laboratory Systems initiative. Mean source amount field teacher watch still.,,,,,Medium,Done,Done,27/Jul/25 12:00 AM,04/Aug/25 12:00 AM,14/Aug/25 12:00 AM,27/Jul/25 12:00 AM
Task,LAB-95,10095,Create inventory system results reporting,Part of the Laboratory Systems initiative. Really how camera rest.,,,,,Medium,Done,Done,27/Jul/25 12:00 AM,31/Jul/25 12:00 AM,09/Aug/25 12:00 AM,27/Jul/25 12:00 AM
Task,PAT-96,10096,Add notification service mobile app integration,Part of the Patient Portal initiative. Stop language page across point dinner live. Wide produce choose go.,,,,,Highest,Done,Done,28/Jul/25 12:00 AM,01/Aug/25 12:00 AM,03/Aug/25 12:00 AM,28/Jul/25 12:00 AM
Task,LAB-97,10097,Enhance results database data visualization,Part of the Laboratory Systems initiative. Follow unit administration do. Again theory which keep.,,,,,High,Done,Done,28/Jul/25 12:00 AM,30/Jul/25 12:00 AM,01/Aug/25 12:00 AM,28/Jul/25 12:00 AM
Task,DRUG-98,10098,Build computational chemistry assay data pipeline,Part of the Drug Discovery initiative. Challenge technology catch perhaps exactly these part.,,,,,Low,Done,Done,28/Jul/25 12:00 AM,31/Jul/25 12:00 AM,05/Aug/25 12:00 AM,28/Jul/25 12:00 AM
Task,DRUG-99,10099,Add computational chemistry ADME prediction tools,Part of the Drug Discovery initiative. Rate scientist old available.,,,,,Medium,Done,Done,28/Jul/25 12:00 AM,09/Aug/25 12:00 AM,11/Aug/25 12:00 AM,28/Jul/25 12:00 AM
Task,REG-100,10100,Add audit trails validation controls,Part of the Regulatory Compliance initiative. Movement east toward eat truth meeting. Prepare door buy senior life individual.,,,,,Medium,Done,Done,29/Jul/25 12:00 AM,02/Aug/25 12:00 AM,05/Aug/25 12:00 AM,29/Jul/25 12:00 AM
Task,LAB-101,10101,Enhance inventory system data visualization,Part of the Laboratory Systems initiative. Pick show parent in detail tree. Few magazine evening game pay understand south behind.,,,,,Medium,In Progress,,29/Jul/25 12:00 AM,02/Aug/25 12:00 AM,07/Aug/25 12:00 AM,29/Jul/25 12:00 AM
Task,REG-102,10102,Update electronic signatures submission documentation system,Part of the Regulatory Compliance initiative. Key play senior speak level through keep defense.,,,,,High,Done,Done,29/Jul/25 12:00 AM,03/Aug/25 12:00 AM,04/Aug/25 12:00 AM,29/Jul/25 12:00 AM
Task,DRUG-103,10103,Implement analytics service high-throughput screening,Part of the Drug Discovery initiative. Foot note find senior car lay responsibility. Nation subject certain million.,,,,,Medium,Done,Done,29/Jul/25 12:00 AM,31/Jul/25 12:00 AM,08/Aug/25 12:00 AM,29/Jul/25 12:00 AM
Task,DRUG-104,10104,Build structure search target identification system,Part of the Drug Discovery initiative. Open worker assume boy air.,,,,,Low,In Progress,,30/Jul/25 12:00 AM,06/Aug/25 12:00 AM,11/Aug/25 12:00 AM,30/Jul/25 12:00 AM
Task,PAT-105,10105,Build patient dashboard notification system,Part of the Patient Portal initiative. Question process partner. Movement from hear drive case price.,,,,,Medium,Done,Done,30/Jul/25 12:00 AM,03/Aug/25 12:00 AM,09/Aug/25 12:00 AM,30/Jul/25 12:00 AM
Task,DRUG-106,10106,Create screening platform structure visualization,Part of the Drug Discovery initiative. Take increase industry others far.,,,,,High,Done,Done,30/Jul/25 12:00 AM,31/Jul/25 12:00 AM,07/Aug/25 12:00 AM,30/Jul/25 12:00 AM
Task,CLIN-107,10107,Optimize data entry forms reporting dashboard,Part of the Clinical Trials initiative. Behavior hard cultural. Well nation week which price.,,,,,Low,To Do,,30/Jul/25 12:00 AM,31/Jul/25 12:00 AM,02/Aug/25 12:00 AM,30/Jul/25 12:00 AM
Task,PAT-108,10108,Design mobile interface patient interface,Part of the Patient Portal initiative. Buy know grow apply increase so since those.,,,,,High,Done,Done,31/Jul/25 12:00 AM,02/Aug/25 12:00 AM,12/Aug/25 12:00 AM,31/Jul/25 12:00 AM
Task,PAT-109,10109,Implement secure chat survey distribution,Part of the Patient Portal initiative. Authority toward down example.,,,,,High,Done,Done,31/Jul/25 12:00 AM,01/Aug/25 12:00 AM,07/Aug/25 12:00 AM,31/Jul/25 12:00 AM
Task,PAT-110,10110,Create health records educational content,Part of the Patient Portal initiative. Check ability wonder value skin court painting.,,,,,Medium,Done,Done,31/Jul/25 12:00 AM,08/Aug/25 12:00 AM,10/Aug/25 12:00 AM,31/Jul/25 12:00 AM
Task,CLIN-111,10111,Migrate safety monitoring to cloud infrastructure,Part of the Clinical Trials initiative. Assume pull various yourself fact. Popular defense similar both require who time democratic.,,,,,High,Done,Done,31/Jul/25 12:00 AM,13/Aug/25 12:00 AM,14/Aug/25 12:00 AM,31/Jul/25 12:00 AM
Task,PAT-112,10112,Add health records secure messaging system,Part of the Patient Portal initiative. Total performance number. Indicate since forget arrive college natural few.,,,,,Low,Done,Done,01/Aug/25 12:00 AM,02/Aug/25 12:00 AM,08/Aug/25 12:00 AM,01/Aug/25 12:00 AM
Task,DRUG-113,10113,Create analysis engine structure visualization,Part of the Drug Discovery initiative. Card often different point arm above.,,,,,Highest,Done,Done,01/Aug/25 12:00 AM,04/Aug/25 12:00 AM,09/Aug/25 12:00 AM,01/Aug/25 12:00 AM
Task,PAT-114,10114,Implement secure chat survey distribution,Part of the Patient Portal initiative. Bank research when for. Heart production notice perhaps.,,,,,Medium,Done,Done,01/Aug/25 12:00 AM,02/Aug/25 12:00 AM,09/Aug/25 12:00 AM,01/Aug/25 12:00 AM
Task,PAT-115,10115,Implement health records survey distribution,Part of the Patient Portal initiative. Theory those energy stock.,,,,,Medium,Done,Done,01/Aug/25 12:00 AM,05/Aug/25 12:00 AM,09/Aug/25 12:00 AM,01/Aug/25 12:00 AM
Task,REG-116,10116,Create electronic signatures validation documentation,Part of the Regulatory Compliance initiative. Into tend show throughout responsibility sign your guess. Financial from school relationship about trouble tough.,,,,,Medium,Done,Done,02/Aug/25 12:00 AM,16/Aug/25 12:00 AM,17/Aug/25 12:00 AM,02/Aug/25 12:00 AM
Task,DRUG-117,10117,Build discovery platform assay data pipeline,Part of the Drug Discovery initiative. Like hear recently floor husband support. Page teacher strong produce far.,,,,,Highest,In Progress,,02/Aug/25 12:00 AM,05/Aug/25 12:00 AM,12/Aug/25 12:00 AM,02/Aug/25 12:00 AM
Task,DRUG-118,10118,Write validation for analysis engine calculations,Part of the Drug Discovery initiative. Level poor staff reason enter room.,,,,,Medium,In Progress,,02/Aug/25 12:00 AM,11/Aug/25 12:00 AM,13/Aug/25 12:00 AM,02/Aug/25 12:00 AM
Task,DRUG-119,10119,Implement lead optimization lead optimization workflow,Part of the Drug Discovery initiative. Also soon short least ago list. Instead charge nice step.,,,,,Low,In Progress,,02/Aug/25 12:00 AM,11/Aug/25 12:00 AM,22/Aug/25 12:00 AM,02/Aug/25 12:00 AM
Task,DRUG-120,10120,Create screening platform structure visualization,Part of the Drug Discovery initiative. Type mention fly country. Officer TV fire late spring.,,,,,High,Done,Done,03/Aug/25 12:00 AM,04/Aug/25 12:00 AM,11/Aug/25 12:00 AM,03/Aug/25 12:00 AM
Task,CLIN-121,10121,Refactor data collection consent management,Part of the Clinical Trials initiative. Significant garden my. Century society place school attack.,,,,,High,Done,Done,03/Aug/25 12:00 AM,11/Aug/25 12:00 AM,12/Aug/25 12:00 AM,03/Aug/25 12:00 AM
Task,PAT-122,10122,Create appointment booking educational content,Part of the Patient Portal initiative. Dream official even large turn so. Worker account modern kind cold to.,,,,,Medium,Done,Done,03/Aug/25 12:00 AM,07/Aug/25 12:00 AM,10/Aug/25 12:00 AM,03/Aug/25 12:00 AM
Task,CLIN-123,10123,Optimize data entry forms reporting dashboard,Part of the Clinical Trials initiative. Family lay statement page.,,,,,Medium,Done,Done,04/Aug/25 12:00 AM,06/Aug/25 12:00 AM,25/Aug/25 12:00 AM,04/Aug/25 12:00 AM
Task,REG-124,10124,Enhance quality management electronic signature workflow,Part of the Regulatory Compliance initiative. Picture anyone attention hold. Happen charge growth draw hard spring source.,,,,,High,Done,Done,04/Aug/25 12:00 AM,08/Aug/25 12:00 AM,20/Aug/25 12:00 AM,04/Aug/25 12:00 AM
Task,DRUG-125,10125,Build bioinformatics assay data pipeline,Part of the Drug Discovery initiative. Tree late participant low into boy including. Herself song trial oil.,,,,,Medium,Done,Done,04/Aug/25 12:00 AM,08/Aug/25 12:00 AM,11/Aug/25 12:00 AM,04/Aug/25 12:00 AM
Task,REG-126,10126,Add document management regulatory reporting templates,Part of the Regulatory Compliance initiative. Trial less push.,,,,,Low,Done,Done,04/Aug/25 12:00 AM,08/Aug/25 12:00 AM,16/Aug/25 12:00 AM,04/Aug/25 12:00 AM
Task,LAB-127,10127,Enhance instrument interface data visualization,Part of the Laboratory Systems initiative. Small see test answer education. Network generation gas five.,,,,,Medium,Done,Done,05/Aug/25 12:00 AM,06/Aug/25 12:00 AM,16/Aug/25 12:00 AM,05/Aug/25 12:00 AM
Task,CLIN-128,10128,Refactor patient enrollment consent management,Part of the Clinical Trials initiative. This environment American parent always forward.,,,,,Medium,Done,Done,05/Aug/25 12:00 AM,10/Aug/25 12:00 AM,14/Aug/25 12:00 AM,05/Aug/25 12:00 AM
Task,REG-129,10129,Update document management submission documentation system,Part of the Regulatory Compliance initiative. Agreement stop kind four central there later.,,,,,Medium,To Do,,05/Aug/25 12:00 AM,08/Aug/25 12:00 AM,12/Aug/25 12:00 AM,05/Aug/25 12:00 AM
Task,REG-130,10130,Implement audit system audit trail logging,Part of the Regulatory Compliance initiative. Southern first movie star book movie. Mother middle fall else debate training show shake.,,,,,Medium,Done,Done,06/Aug/25 12:00 AM,07/Aug/25 12:00 AM,17/Aug/25 12:00 AM,06/Aug/25 12:00 AM
Task,PAT-131,10131,Add medication tracking secure messaging system,Part of the Patient Portal initiative. People thought relate include build form worry professor.,,,,,High,Done,Done,06/Aug/25 12:00 AM,17/Aug/25 12:00 AM,21/Aug/25 12:00 AM,06/Aug/25 12:00 AM
Task,DRUG-132,10132,Add data integration ADME prediction tools,Part of the Drug Discovery initiative. Want company whose foot rate thank good.,,,,,Low,Done,Done,06/Aug/25 12:00 AM,13/Aug/25 12:00 AM,14/Aug/25 12:00 AM,06/Aug/25 12:00 AM
Task,LAB-133,10133,Build QC dashboards laboratory notebook,Part of the Laboratory Systems initiative. Put past continue low to.,,,,,Low,Done,Done,07/Aug/25 12:00 AM,08/Aug/25 12:00 AM,12/Aug/25 12:00 AM,07/Aug/25 12:00 AM
Task,LAB-134,10134,Build barcode scanning laboratory notebook,Part of the Laboratory Systems initiative. Less father tend heart serve.,,,,,Medium,Done,Done,07/Aug/25 12:00 AM,11/Aug/25 12:00 AM,13/Aug/25 12:00 AM,07/Aug/25 12:00 AM
Task,PAT-135,10135,Build communication hub notification system,Part of the Patient Portal initiative. Organization central notice clearly stay particular most.,,,,,Low,Done,Done,07/Aug/25 12:00 AM,09/Aug/25 12:00 AM,16/Aug/25 12:00 AM,07/Aug/25 12:00 AM
Task,LAB-136,10136,Create inventory system results reporting,Part of the Laboratory Systems initiative. Idea speak camera bar writer art. Somebody imagine we contain structure.,,,,,Medium,Done,Done,08/Aug/25 12:00 AM,18/Aug/25 12:00 AM,21/Aug/25 12:00 AM,08/Aug/25 12:00 AM
Task,DRUG-137,10137,Implement analytics service high-throughput screening,Part of the Drug Discovery initiative. Dinner cost role special memory argue share three. Reduce reason yet student ten citizen either.,,,,,Medium,Done,Done,08/Aug/25 12:00 AM,17/Aug/25 12:00 AM,19/Aug/25 12:00 AM,08/Aug/25 12:00 AM
Task,CLIN-138,10138,Migrate randomization service to cloud infrastructure,Part of the Clinical Trials initiative. Quality recent behind base.,,,,,Low,In Progress,,08/Aug/25 12:00 AM,20/Aug/25 12:00 AM,28/Aug/25 12:00 AM,08/Aug/25 12:00 AM
Task,LAB-139,10139,Optimize workflow engine workflow automation,Part of the Laboratory Systems initiative. Clearly debate event show.,,,,,Medium,Done,Done,09/Aug/25 12:00 AM,11/Aug/25 12:00 AM,17/Aug/25 12:00 AM,09/Aug/25 12:00 AM
Task,DRUG-140,10140,Design compound database compound library search,Part of the Drug Discovery initiative. Guess music benefit figure imagine.,,,,,Low,Done,Done,09/Aug/25 12:00 AM,13/Aug/25 12:00 AM,22/Aug/25 12:00 AM,09/Aug/25 12:00 AM
Task,DRUG-141,10141,Implement lead optimization lead optimization workflow,Part of the Drug Discovery initiative. Beautiful small concern management hope of.,,,,,High,Done,Done,09/Aug/25 12:00 AM,14/Aug/25 12:00 AM,21/Aug/25 12:00 AM,09/Aug/25 12:00 AM
Task,LAB-142,10142,Implement QC dashboards quality control checks,Part of the Laboratory Systems initiative. Establish group teacher song home. Fine you newspaper brother Congress serve.,,,,,Medium,Done,Done,10/Aug/25 12:00 AM,14/Aug/25 12:00 AM,21/Aug/25 12:00 AM,10/Aug/25 12:00 AM
Task,LAB-143,10143,Add instrument integration instrument data capture,Part of the Laboratory Systems initiative. Able seem whose lawyer seem federal compare.,,,,,Low,Done,Done,10/Aug/25 12:00 AM,12/Aug/25 12:00 AM,20/Aug/25 12:00 AM,10/Aug/25 12:00 AM
Task,REG-144,10144,Update document management submission documentation system,Part of the Regulatory Compliance initiative. Whether price something available near be threat.,,,,,High,Done,Done,10/Aug/25 12:00 AM,17/Aug/25 12:00 AM,19/Aug/25 12:00 AM,10/Aug/25 12:00 AM
Task,LAB-145,10145,Add instrument integration instrument data capture,Part of the Laboratory Systems initiative. Develop behind first law as. College pull follow reveal.,,,,,High,Done,Done,10/Aug/25 12:00 AM,18/Aug/25 12:00 AM,23/Aug/25 12:00 AM,10/Aug/25 12:00 AM
Task,DRUG-146,10146,Add hit identification bioactivity prediction models,Part of the Drug Discovery initiative. Bit win officer foreign those.,,,,,Low,Done,Done,11/Aug/25 12:00 AM,15/Aug/25 12:00 AM,19/Aug/25 12:00 AM,11/Aug/25 12:00 AM
Task,DRUG-147,10147,Design analysis engine compound library search,Part of the Drug Discovery initiative. Apply eye end card field. During run buy deal movie.,,,,,Low,Done,Done,11/Aug/25 12:00 AM,17/Aug/25 12:00 AM,19/Aug/25 12:00 AM,11/Aug/25 12:00 AM
Task,PAT-148,10148,Create patient dashboard health record access,Part of the Patient Portal initiative. Join business movement that peace get eight.,,,,,Medium,Done,Done,11/Aug/25 12:00 AM,25/Aug/25 12:00 AM,29/Aug/25 12:00 AM,11/Aug/25 12:00 AM
Task,PAT-149,10149,Create mobile interface health record access,Part of the Patient Portal initiative. Surface tonight join must. Never yeah keep lead.,,,,,Medium,Done,Done,11/Aug/25 12:00 AM,19/Aug/25 12:00 AM,29/Aug/25 12:00 AM,11/Aug/25 12:00 AM
Task,PAT-150,10150,Add messaging platform mobile app integration,Part of the Patient Portal initiative. And ten church great most.,,,,,Medium,Done,Done,12/Aug/25 12:00 AM,15/Aug/25 12:00 AM,21/Aug/25 12:00 AM,12/Aug/25 12:00 AM
Task,PAT-151,10151,Design mobile interface patient interface,Part of the Patient Portal initiative. National mean network serve character line message. Only between certain enter.,,,,,Medium,Done,Done,12/Aug/25 12:00 AM,16/Aug/25 12:00 AM,19/Aug/25 12:00 AM,12/Aug/25 12:00 AM
Task,DRUG-152,10152,Implement compound registry high-throughput screening,Part of the Drug Discovery initiative. Around special will whom true national notice.,,,,,Highest,Done,Done,12/Aug/25 12:00 AM,13/Aug/25 12:00 AM,18/Aug/25 12:00 AM,12/Aug/25 12:00 AM
Task,CLIN-153,10153,Add validation rules to site monitoring,Part of the Clinical Trials initiative. Prepare compare issue chance bill affect election.,,,,,Medium,To Do,,12/Aug/25 12:00 AM,20/Aug/25 12:00 AM,21/Aug/25 12:00 AM,12/Aug/25 12:00 AM
Task,LAB-154,10154,Optimize data acquisition workflow automation,Part of the Laboratory Systems initiative. New imagine his water gas live. Material cold true kind college serve true table.,,,,,Medium,Done,Done,13/Aug/25 12:00 AM,20/Aug/25 12:00 AM,26/Aug/25 12:00 AM,13/Aug/25 12:00 AM
Task,REG-155,10155,Implement training tracker document version control,Part of the Regulatory Compliance initiative. Process statement improve care yet. Range watch authority vote prove child fund.,,,,,Highest,Done,Done,13/Aug/25 12:00 AM,18/Aug/25 12:00 AM,21/Aug/25 12:00 AM,13/Aug/25 12:00 AM
Task,PAT-156,10156,Implement patient portal medication reminders,Part of the Patient Portal initiative. Middle son safe.,,,,,Medium,Done,Done,13/Aug/25 12:00 AM,17/Aug/25 12:00 AM,21/Aug/25 12:00 AM,13/Aug/25 12:00 AM
Task,PAT-157,10157,Create health records educational content,Part of the Patient Portal initiative. Somebody professor bad.,,,,,Medium,Done,Done,13/Aug/25 12:00 AM,16/Aug/25 12:00 AM,20/Aug/25 12:00 AM,13/Aug/25 12:00 AM
Task,PAT-158,10158,Add notification service mobile app integration,Part of the Patient Portal initiative. When school company night.,,,,,Low,Done,Done,14/Aug/25 12:00 AM,20/Aug/25 12:00 AM,24/Aug/25 12:00 AM,14/Aug/25 12:00 AM
Task,PAT-159,10159,Build communication hub notification system,Part of the Patient Portal initiative. High draw form debate. Turn century provide truth recently art.,,,,,Low,Done,Done,14/Aug/25 12:00 AM,18/Aug/25 12:00 AM,22/Aug/25 12:00 AM,14/Aug/25 12:00 AM
Task,PAT-160,10160,Implement patient portal medication reminders,Part of the Patient Portal initiative. Already agreement nor. We social skill animal store perform use.,,,,,Medium,Done,Done,14/Aug/25 12:00 AM,22/Aug/25 12:00 AM,25/Aug/25 12:00 AM,14/Aug/25 12:00 AM
Task,REG-161,10161,Implement compliance portal document version control,Part of the Regulatory Compliance initiative. Health most call.,,,,,Medium,Done,Done,14/Aug/25 12:00 AM,16/Aug/25 12:00 AM,21/Aug/25 12:00 AM,14/Aug/25 12:00 AM
Task,DRUG-162,10162,Implement results database high-throughput screening,Part of the Drug Discovery initiative. Employee development fact couple talk story.,,,,,Medium,Done,Done,15/Aug/25 12:00 AM,18/Aug/25 12:00 AM,20/Aug/25 12:00 AM,15/Aug/25 12:00 AM
Task,DRUG-163,10163,Design analysis engine compound library search,Part of the Drug Discovery initiative. Suggest professor order. Laugh material last southern.,,,,,Medium,To Do,,15/Aug/25 12:00 AM,16/Aug/25 12:00 AM,25/Aug/25 12:00 AM,15/Aug/25 12:00 AM
Task,LAB-164,10164,Add LIMS instrument data capture,Part of the Laboratory Systems initiative. Reveal himself send north manage director site. Generation around region film.,,,,,High,To Do,,15/Aug/25 12:00 AM,17/Aug/25 12:00 AM,21/Aug/25 12:00 AM,15/Aug/25 12:00 AM
Task,CLIN-165,10165,Fix data integrity issues in patient data,Part of the Clinical Trials initiative. Least into control success unit build case remember.,,,,,Medium,Done,Done,16/Aug/25 12:00 AM,19/Aug/25 12:00 AM,22/Aug/25 12:00 AM,16/Aug/25 12:00 AM
Task,DRUG-166,10166,Implement analytics service high-throughput screening,Part of the Drug Discovery initiative. Out fill region military computer. Yourself this today agree.,,,,,Highest,Done,Done,16/Aug/25 12:00 AM,29/Aug/25 12:00 AM,30/Aug/25 12:00 AM,16/Aug/25 12:00 AM
Task,LAB-167,10167,Enhance results database sample tracking system,Part of the Laboratory Systems initiative. Though option it hand year. Again natural thought include election view task.,,,,,Highest,Done,Done,16/Aug/25 12:00 AM,18/Aug/25 12:00 AM,19/Aug/25 12:00 AM,16/Aug/25 12:00 AM
Task,CLIN-168,10168,Refactor case report forms trial management interface,Part of the Clinical Trials initiative. Political pretty central become short wait you.,,,,,Low,Done,Done,17/Aug/25 12:00 AM,20/Aug/25 12:00 AM,22/Aug/25 12:00 AM,17/Aug/25 12:00 AM
Task,CLIN-169,10169,Improve patient data data quality checks,Part of the Clinical Trials initiative. East project me decade. Quality buy future allow toward save create.,,,,,High,Done,Done,17/Aug/25 12:00 AM,23/Aug/25 12:00 AM,24/Aug/25 12:00 AM,17/Aug/25 12:00 AM
Task,DRUG-170,10170,Create compound database structure visualization,Part of the Drug Discovery initiative. Over nor choose population indicate eye. Detail myself manager age population.,,,,,High,Done,Done,17/Aug/25 12:00 AM,18/Aug/25 12:00 AM,22/Aug/25 12:00 AM,17/Aug/25 12:00 AM
Task,PAT-171,10171,Build patient dashboard consent management,Part of the Patient Portal initiative. Seem focus fill garden.,,,,,High,To Do,,18/Aug/25 12:00 AM,24/Aug/25 12:00 AM,26/Aug/25 12:00 AM,18/Aug/25 12:00 AM
Task,REG-172,10172,Implement training tracker audit trail logging,Part of the Regulatory Compliance initiative. Including response cell region.,,,,,High,Done,Done,18/Aug/25 12:00 AM,24/Aug/25 12:00 AM,26/Aug/25 12:00 AM,18/Aug/25 12:00 AM
Task,REG-173,10173,Enhance document control electronic signature workflow,Part of the Regulatory Compliance initiative. Democrat explain short week type five.,,,,,Low,Done,Done,18/Aug/25 12:00 AM,23/Aug/25 12:00 AM,25/Aug/25 12:00 AM,18/Aug/25 12:00 AM
Task,LAB-174,10174,Create results database results reporting,Part of the Laboratory Systems initiative. Other company apply spring family decide. Center hundred save method base space stage hospital.,,,,,Low,Done,Done,18/Aug/25 12:00 AM,19/Aug/25 12:00 AM,24/Aug/25 12:00 AM,18/Aug/25 12:00 AM
Task,PAT-175,10175,Implement health records survey distribution,Part of the Patient Portal initiative. Blood business nearly prepare. Entire responsibility expert.,,,,,Medium,Done,Done,19/Aug/25 12:00 AM,23/Aug/25 12:00 AM,24/Aug/25 12:00 AM,19/Aug/25 12:00 AM
Task,REG-176,10176,Build validation protocols 21 CFR Part 11 compliance,Part of the Regulatory Compliance initiative. Support enough machine lead step. Sport cold order night.,,,,,Medium,Done,Done,19/Aug/25 12:00 AM,24/Aug/25 12:00 AM,30/Aug/25 12:00 AM,19/Aug/25 12:00 AM
Task,CLIN-177,10177,Update protocol management patient data collection system,Part of the Clinical Trials initiative. Thus stand especially themselves. Theory yeah relate thousand.,,,,,High,In Progress,,19/Aug/25 12:00 AM,22/Aug/25 12:00 AM,25/Aug/25 12:00 AM,19/Aug/25 12:00 AM
Task,CLIN-178,10178,Add validation rules to audit trails,Part of the Clinical Trials initiative. Not similar alone number. Best budget party social during method figure evening.,,,,,Medium,In Progress,,20/Aug/25 12:00 AM,29/Aug/25 12:00 AM,05/Sep/25 12:00 AM,20/Aug/25 12:00 AM
Task,LAB-179,10179,Optimize workflow engine workflow automation,Part of the Laboratory Systems initiative. American stay himself of. Phone kitchen do public.,,,,,Low,Done,Done,20/Aug/25 12:00 AM,22/Aug/25 12:00 AM,23/Aug/25 12:00 AM,20/Aug/25 12:00 AM
Task,PAT-180,10180,Add health records secure messaging system,Part of the Patient Portal initiative. Economy suddenly quality able yourself on small.,,,,,High,Done,Done,20/Aug/25 12:00 AM,26/Aug/25 12:00 AM,30/Aug/25 12:00 AM,20/Aug/25 12:00 AM
Task,LAB-181,10181,Enhance inventory system sample tracking system,Part of the Laboratory Systems initiative. Friend major star weight place base three challenge. Factor main responsibility check up might.,,,,,Medium,To Do,,20/Aug/25 12:00 AM,21/Aug/25 12:00 AM,29/Aug/25 12:00 AM,20/Aug/25 12:00 AM
Task,DRUG-182,10182,Design data warehouse compound library search,Part of the Drug Discovery initiative. Song whatever talk four him dream decide.,,,,,Medium,Done,Done,21/Aug/25 12:00 AM,25/Aug/25 12:00 AM,29/Aug/25 12:00 AM,21/Aug/25 12:00 AM
Task,DRUG-183,10183,Write validation for compound database calculations,Part of the Drug Discovery initiative. Behavior from source wear. Majority process whom.,,,,,Medium,Done,Done,21/Aug/25 12:00 AM,23/Aug/25 12:00 AM,31/Aug/25 12:00 AM,21/Aug/25 12:00 AM
Task,DRUG-184,10184,Add computational chemistry ADME prediction tools,Part of the Drug Discovery initiative. Bring parent particular radio.,,,,,Medium,Done,Done,21/Aug/25 12:00 AM,28/Aug/25 12:00 AM,04/Sep/25 12:00 AM,21/Aug/25 12:00 AM
Task,CLIN-185,10185,Update {library} to meet FDA compliance,Part of the Clinical Trials initiative. Memory suffer sure stay.,,,,,Low,Done,Done,21/Aug/25 12:00 AM,01/Sep/25 12:00 AM,02/Sep/25 12:00 AM,21/Aug/25 12:00 AM
Task,PAT-186,10186,Build document viewer consent management,Part of the Patient Portal initiative. Relate receive pretty explain our.,,,,,High,Done,Done,22/Aug/25 12:00 AM,25/Aug/25 12:00 AM,29/Aug/25 12:00 AM,22/Aug/25 12:00 AM
Task,PAT-187,10187,Create appointment booking educational content,Part of the Patient Portal initiative. Foot research southern win up factor final.,,,,,Medium,Done,Done,22/Aug/25 12:00 AM,23/Aug/25 12:00 AM,27/Aug/25 12:00 AM,22/Aug/25 12:00 AM
Task,CLIN-188,10188,Optimize patient dashboard reporting dashboard,Part of the Clinical Trials initiative. Else six book marriage term partner executive. Establish still health father.,,,,,Medium,In Progress,,22/Aug/25 12:00 AM,23/Aug/25 12:00 AM,26/Aug/25 12:00 AM,22/Aug/25 12:00 AM
Task,REG-189,10189,Implement training tracker audit trail logging,Part of the Regulatory Compliance initiative. Consumer mention whether year. Consider whose quickly bank nice can establish away.,,,,,Low,Done,Done,23/Aug/25 12:00 AM,29/Aug/25 12:00 AM,31/Aug/25 12:00 AM,23/Aug/25 12:00 AM
Task,PAT-190,10190,Create mobile interface health record access,Part of the Patient Portal initiative. Environment never ten.,,,,,Highest,Done,Done,23/Aug/25 12:00 AM,26/Aug/25 12:00 AM,29/Aug/25 12:00 AM,23/Aug/25 12:00 AM
Task,LAB-191,10191,Add reporting system batch processing system,Part of the Laboratory Systems initiative. Your gun light good store series operation send.,,,,,Medium,Done,Done,23/Aug/25 12:00 AM,25/Aug/25 12:00 AM,03/Sep/25 12:00 AM,23/Aug/25 12:00 AM
Task,DRUG-192,10192,Build structure search target identification system,Part of the Drug Discovery initiative. Personal nice yard pass sound dog American. Stand many instead thought.,,,,,Highest,Done,Done,23/Aug/25 12:00 AM,29/Aug/25 12:00 AM,30/Aug/25 12:00 AM,23/Aug/25 12:00 AM
Task,CLIN-193,10193,Implement data validation adverse event tracking,Part of the Clinical Trials initiative. With military carry after general wonder certain.,,,,,Low,Done,Done,24/Aug/25 12:00 AM,30/Aug/25 12:00 AM,31/Aug/25 12:00 AM,24/Aug/25 12:00 AM
Task,REG-194,10194,Create audit logging validation documentation,Part of the Regulatory Compliance initiative. Commercial watch daughter.,,,,,Medium,To Do,,24/Aug/25 12:00 AM,31/Aug/25 12:00 AM,05/Sep/25 12:00 AM,24/Aug/25 12:00 AM
Task,REG-195,10195,Build validation protocols 21 CFR Part 11 compliance,Part of the Regulatory Compliance initiative. Player buy character art boy part four. Try show line author include minute pretty.,,,,,Highest,Done,Done,24/Aug/25 12:00 AM,28/Aug/25 12:00 AM,31/Aug/25 12:00 AM,24/Aug/25 12:00 AM
Task,PAT-196,10196,Build patient dashboard notification system,Part of the Patient Portal initiative. Who hold future performance suggest involve. Speak expert though own company.,,,,,Low,Done,Done,25/Aug/25 12:00 AM,29/Aug/25 12:00 AM,30/Aug/25 12:00 AM,25/Aug/25 12:00 AM
Task,LAB-197,10197,Optimize sample tracking workflow automation,Part of the Laboratory Systems initiative. Activity reduce drive lose beyond listen. Beyond necessary fall must analysis bag hit source.,,,,,Medium,Done,Done,25/Aug/25 12:00 AM,31/Aug/25 12:00 AM,03/Sep/25 12:00 AM,25/Aug/25 12:00 AM
Task,CLIN-198,10198,Add validation rules to patient dashboard,Part of the Clinical Trials initiative. What know particular pull. Attorney role TV light beautiful shake.,,,,,Low,Done,Done,25/Aug/25 12:00 AM,30/Aug/25 12:00 AM,05/Sep/25 12:00 AM,25/Aug/25 12:00 AM
Task,REG-199,10199,Create document management validation documentation,Part of the Regulatory Compliance initiative. Later option prepare next research describe room. White difficult go opportunity along today region.,,,,,Medium,Done,Done,25/Aug/25 12:00 AM,29/Aug/25 12:00 AM,01/Sep/25 12:00 AM,25/Aug/25 12:00 AM
Task,CLIN-200,10200,Refactor case report forms trial management interface,Part of the Clinical Trials initiative. Maybe about such issue contain move.,,,,,Medium,Done,Done,26/Aug/25 12:00 AM,27/Aug/25 12:00 AM,30/Aug/25 12:00 AM,26/Aug/25 12:00 AM
Task,PAT-201,10201,Add messaging platform mobile app integration,Part of the Patient Portal initiative. Relationship dog performance effect front pressure behavior. Fill pressure protect week perform indicate.,,,,,Medium,Done,Done,26/Aug/25 12:00 AM,29/Aug/25 12:00 AM,31/Aug/25 12:00 AM,26/Aug/25 12:00 AM
Task,REG-202,10202,Enhance regulatory system electronic signature workflow,Part of the Regulatory Compliance initiative. Enter decision cell choose.,,,,,Medium,Done,Done,26/Aug/25 12:00 AM,07/Sep/25 12:00 AM,09/Sep/25 12:00 AM,26/Aug/25 12:00 AM
Task,LAB-203,10203,Build result calculations laboratory notebook,Part of the Laboratory Systems initiative. Bag analysis want card word bag fish.,,,,,Low,Done,Done,26/Aug/25 12:00 AM,29/Aug/25 12:00 AM,30/Aug/25 12:00 AM,26/Aug/25 12:00 AM
Task,DRUG-204,10204,Implement hit identification lead optimization workflow,Part of the Drug Discovery initiative. Throughout bill new person.,,,,,High,Done,Done,27/Aug/25 12:00 AM,28/Aug/25 12:00 AM,30/Aug/25 12:00 AM,27/Aug/25 12:00 AM
Task,DRUG-205,10205,Build computational chemistry assay data pipeline,Part of the Drug Discovery initiative. With page author here along rule. Job necessary senior along blood.,,,,,Medium,Done,Done,27/Aug/25 12:00 AM,07/Sep/25 12:00 AM,10/Sep/25 12:00 AM,27/Aug/25 12:00 AM
Task,PAT-206,10206,Create secure chat educational content,Part of the Patient Portal initiative. Current key financial foreign whose. Democrat reveal just her carry position.,,,,,High,Done,Done,27/Aug/25 12:00 AM,30/Aug/25 12:00 AM,03/Sep/25 12:00 AM,27/Aug/25 12:00 AM
Task,PAT-207,10207,Add messaging platform mobile app integration,Part of the Patient Portal initiative. Whose our source.,,,,,Medium,Done,Done,27/Aug/25 12:00 AM,30/Aug/25 12:00 AM,01/Sep/25 12:00 AM,27/Aug/25 12:00 AM
Task,REG-208,10208,Build validation protocols 21 CFR Part 11 compliance,Part of the Regulatory Compliance initiative. Movement strategy tend close hundred loss. Above blood white ever serious art.,,,,,Medium,Done,Done,27/Aug/25 12:00 AM,29/Aug/25 12:00 AM,31/Aug/25 12:00 AM,27/Aug/25 12:00 AM
Task,DRUG-209,10209,Implement property prediction lead optimization workflow,Part of the Drug Discovery initiative. Help generation on.,,,,,Low,Done,Done,28/Aug/25 12:00 AM,30/Aug/25 12:00 AM,01/Sep/25 12:00 AM,28/Aug/25 12:00 AM
Task,LAB-210,10210,Add LIMS batch processing system,Part of the Laboratory Systems initiative. Create person other true lawyer newspaper.,,,,,Medium,To Do,,28/Aug/25 12:00 AM,29/Aug/25 12:00 AM,03/Sep/25 12:00 AM,28/Aug/25 12:00 AM
Task,LAB-211,10211,Optimize workflow engine workflow automation,Part of the Laboratory Systems initiative. Huge front final realize.,,,,,Highest,Done,Done,28/Aug/25 12:00 AM,29/Aug/25 12:00 AM,03/Sep/25 12:00 AM,28/Aug/25 12:00 AM
Task,REG-212,10212,Create validation protocols validation documentation,Part of the Regulatory Compliance initiative. Price term suffer.,,,,,Medium,Done,Done,28/Aug/25 12:00 AM,30/Aug/25 12:00 AM,09/Sep/25 12:00 AM,28/Aug/25 12:00 AM
Task,PAT-213,10213,Build mobile interface notification system,Part of the Patient Portal initiative. Four want guess she.,,,,,Highest,Done,Done,28/Aug/25 12:00 AM,01/Sep/25 12:00 AM,04/Sep/25 12:00 AM,28/Aug/25 12:00 AM
Task,DRUG-214,10214,Add computational chemistry ADME prediction tools,Part of the Drug Discovery initiative. Them human force rock cost. Practice generation air growth federal key.,,,,,Medium,Done,Done,29/Aug/25 12:00 AM,30/Aug/25 12:00 AM,03/Sep/25 12:00 AM,29/Aug/25 12:00 AM
Task,DRUG-215,10215,Add lead optimization bioactivity prediction models,Part of the Drug Discovery initiative. Difference early decade movie money hour. Sort write yet decide recent.,,,,,Low,In Progress,,29/Aug/25 12:00 AM,01/Sep/25 12:00 AM,05/Sep/25 12:00 AM,29/Aug/25 12:00 AM
Task,CLIN-216,10216,Implement case report forms adverse event tracking,Part of the Clinical Trials initiative. Improve center sometimes however later suggest. Each thousand general make approach newspaper human.,,,,,Medium,Done,Done,29/Aug/25 12:00 AM,01/Sep/25 12:00 AM,04/Sep/25 12:00 AM,29/Aug/25 12:00 AM
Task,PAT-217,10217,Add health records secure messaging system,Part of the Patient Portal initiative. Upon however information prove wind easy.,,,,,Low,Done,Done,29/Aug/25 12:00 AM,01/Sep/25 12:00 AM,04/Sep/25 12:00 AM,29/Aug/25 12:00 AM
Task,REG-218,10218,Add validation protocols regulatory reporting templates,Part of the Regulatory Compliance initiative. Power magazine possible research.,,,,,Highest,Done,Done,30/Aug/25 12:00 AM,31/Aug/25 12:00 AM,03/Sep/25 12:00 AM,30/Aug/25 12:00 AM
Task,CLIN-219,10219,Fix data integrity issues in safety monitoring,Part of the Clinical Trials initiative. Arrive land fact strategy. Garden couple administration face personal hotel.,,,,,Low,Done,Done,30/Aug/25 12:00 AM,03/Sep/25 12:00 AM,04/Sep/25 12:00 AM,30/Aug/25 12:00 AM
Task,REG-220,10220,Enhance regulatory system electronic signature workflow,Part of the Regulatory Compliance initiative. Security people so financial student.,,,,,Low,Done,Done,30/Aug/25 12:00 AM,31/Aug/25 12:00 AM,04/Sep/25 12:00 AM,30/Aug/25 12:00 AM
Task,PAT-221,10221,Build patient dashboard notification system,Part of the Patient Portal initiative. Who news voice thank. Statement ability system through about glass.,,,,,Medium,Done,Done,30/Aug/25 12:00 AM,01/Sep/25 12:00 AM,02/Sep/25 12:00 AM,30/Aug/25 12:00 AM
Task,PAT-222,10222,Add content management mobile app integration,Part of the Patient Portal initiative. Player family right win newspaper. This move spring child.,,,,,Low,To Do,,31/Aug/25 12:00 AM,09/Sep/25 12:00 AM,11/Sep/25 12:00 AM,31/Aug/25 12:00 AM
Task,REG-223,10223,Create document management validation documentation,Part of the Regulatory Compliance initiative. Know system represent different leave discussion. Business role deep able development increase.,,,,,High,Done,Done,31/Aug/25 12:00 AM,01/Sep/25 12:00 AM,03/Sep/25 12:00 AM,31/Aug/25 12:00 AM
Task,PAT-224,10224,Add content management mobile app integration,Part of the Patient Portal initiative. Particularly want million.,,,,,Low,Done,Done,31/Aug/25 12:00 AM,03/Sep/25 12:00 AM,07/Sep/25 12:00 AM,31/Aug/25 12:00 AM
Task,LAB-225,10225,Build automated workflows laboratory notebook,Part of the Laboratory Systems initiative. Everyone gas great enter share such.,,,,,Low,Done,Done,01/Sep/25 12:00 AM,04/Sep/25 12:00 AM,09/Sep/25 12:00 AM,01/Sep/25 12:00 AM
Task,LAB-226,10226,Implement result calculations LIMS integration,Part of the Laboratory Systems initiative. Become stage base character analysis military detail. Chance though expect past front.,,,,,High,To Do,,01/Sep/25 12:00 AM,02/Sep/25 12:00 AM,05/Sep/25 12:00 AM,01/Sep/25 12:00 AM
Task,PAT-227,10227,Design communication hub patient interface,Part of the Patient Portal initiative. Seem a room too.,,,,,Medium,Done,Done,01/Sep/25 12:00 AM,07/Sep/25 12:00 AM,17/Sep/25 12:00 AM,01/Sep/25 12:00 AM
Task,CLIN-228,10228,Implement CTMS integration adverse event tracking,Part of the Clinical Trials initiative. Information lawyer face. Station health us none move management year.,,,,,Medium,Done,Done,01/Sep/25 12:00 AM,08/Sep/25 12:00 AM,14/Sep/25 12:00 AM,01/Sep/25 12:00 AM
Task,REG-229,10229,Add user authentication validation controls,Part of the Regulatory Compliance initiative. Recognize individual quite interview second before continue.,,,,,High,Done,Done,02/Sep/25 12:00 AM,06/Sep/25 12:00 AM,11/Sep/25 12:00 AM,02/Sep/25 12:00 AM
Task,PAT-230,10230,Build health records appointment scheduling,Part of the Patient Portal initiative. Long dark kitchen particular peace. Economy challenge beautiful make.,,,,,High,Done,Done,02/Sep/25 12:00 AM,05/Sep/25 12:00 AM,06/Sep/25 12:00 AM,02/Sep/25 12:00 AM
Task,LAB-231,10231,Implement QC dashboards quality control checks,Part of the Laboratory Systems initiative. Service citizen central area.,,,,,Medium,Done,Done,02/Sep/25 12:00 AM,04/Sep/25 12:00 AM,10/Sep/25 12:00 AM,02/Sep/25 12:00 AM
Task,PAT-232,10232,Create health records educational content,Part of the Patient Portal initiative. Necessary crime huge turn.,,,,,Low,Done,Done,03/Sep/25 12:00 AM,06/Sep/25 12:00 AM,16/Sep/25 12:00 AM,03/Sep/25 12:00 AM
Task,LAB-233,10233,Add instrument integration batch processing system,Part of the Laboratory Systems initiative. Bill including plan Republican. Manager skin almost water usually garden on second.,,,,,Medium,Done,Done,03/Sep/25 12:00 AM,13/Sep/25 12:00 AM,15/Sep/25 12:00 AM,03/Sep/25 12:00 AM
Task,REG-234,10234,Enhance quality management electronic signature workflow,Part of the Regulatory Compliance initiative. Tonight bring control instead whom whatever age. Close political but hand policy.,,,,,Medium,Done,Done,03/Sep/25 12:00 AM,06/Sep/25 12:00 AM,09/Sep/25 12:00 AM,03/Sep/25 12:00 AM
Task,PAT-235,10235,Design document viewer patient interface,Part of the Patient Portal initiative. Beyond realize age play in draw theory.,,,,,High,Done,Done,04/Sep/25 12:00 AM,05/Sep/25 12:00 AM,10/Sep/25 12:00 AM,04/Sep/25 12:00 AM
Task,REG-236,10236,Build electronic signatures 21 CFR Part 11 compliance,Part of the Regulatory Compliance initiative. Month no their size room concern. Responsibility protect anything catch plant appear about north.,,,,,Low,Done,Done,04/Sep/25 12:00 AM,07/Sep/25 12:00 AM,09/Sep/25 12:00 AM,04/Sep/25 12:00 AM
Task,LAB-237,10237,Enhance results database sample tracking system,Part of the Laboratory Systems initiative. Act address line perhaps reality.,,,,,High,Done,Done,04/Sep/25 12:00 AM,09/Sep/25 12:00 AM,14/Sep/25 12:00 AM,04/Sep/25 12:00 AM
Task,LAB-238,10238,Enhance sample manager sample tracking system,Part of the Laboratory Systems initiative. Rule cultural away none third choice social.,,,,,High,Done,Done,04/Sep/25 12:00 AM,06/Sep/25 12:00 AM,13/Sep/25 12:00 AM,04/Sep/25 12:00 AM
Task,LAB-239,10239,Implement barcode scanning quality control checks,Part of the Laboratory Systems initiative. Lot positive visit foot record.,,,,,Low,Done,Done,05/Sep/25 12:00 AM,10/Sep/25 12:00 AM,11/Sep/25 12:00 AM,05/Sep/25 12:00 AM
Task,CLIN-240,10240,Update trial monitoring patient data collection system,Part of the Clinical Trials initiative. Thing feeling side bad.,,,,,Medium,Done,Done,05/Sep/25 12:00 AM,10/Sep/25 12:00 AM,12/Sep/25 12:00 AM,05/Sep/25 12:00 AM
Task,REG-241,10241,Add audit trails validation controls,Part of the Regulatory Compliance initiative. Miss improve else heavy.,,,,,Medium,Done,Done,05/Sep/25 12:00 AM,07/Sep/25 12:00 AM,09/Sep/25 12:00 AM,05/Sep/25 12:00 AM
Task,PAT-242,10242,Create patient dashboard health record access,Part of the Patient Portal initiative. Other practice road opportunity scientist Mr continue. Sea above Mr.,,,,,Medium,Done,Done,05/Sep/25 12:00 AM,09/Sep/25 12:00 AM,17/Sep/25 12:00 AM,05/Sep/25 12:00 AM
Task,CLIN-243,10243,Implement enrollment portal adverse event tracking,Part of the Clinical Trials initiative. Whose from stand allow Congress.,,,,,Medium,Done,Done,06/Sep/25 12:00 AM,13/Sep/25 12:00 AM,15/Sep/25 12:00 AM,06/Sep/25 12:00 AM
Task,DRUG-244,10244,Implement compound registry high-throughput screening,Part of the Drug Discovery initiative. Assume but heart live man serious early.,,,,,High,To Do,,06/Sep/25 12:00 AM,12/Sep/25 12:00 AM,14/Sep/25 12:00 AM,06/Sep/25 12:00 AM
Task,REG-245,10245,Add user authentication validation controls,Part of the Regulatory Compliance initiative. International fill return type question sign. Return and almost court.,,,,,High,Done,Done,06/Sep/25 12:00 AM,09/Sep/25 12:00 AM,18/Sep/25 12:00 AM,06/Sep/25 12:00 AM
Task,PAT-246,10246,Create medication tracking educational content,Part of the Patient Portal initiative. Above receive stand discuss daughter get surface. Current difference all bit play.,,,,,Medium,Done,Done,06/Sep/25 12:00 AM,08/Sep/25 12:00 AM,16/Sep/25 12:00 AM,06/Sep/25 12:00 AM
Task,DRUG-247,10247,Design data warehouse compound library search,Part of the Drug Discovery initiative. Organization we send drive worry low turn.,,,,,High,Done,Done,07/Sep/25 12:00 AM,08/Sep/25 12:00 AM,18/Sep/25 12:00 AM,07/Sep/25 12:00 AM
Task,PAT-248,10248,Create medication tracking educational content,Part of the Patient Portal initiative. Top contain federal despite eat ball.,,,,,High,Done,Done,07/Sep/25 12:00 AM,13/Sep/25 12:00 AM,18/Sep/25 12:00 AM,07/Sep/25 12:00 AM
Task,DRUG-249,10249,Add structure search bioactivity prediction models,Part of the Drug Discovery initiative. Point school firm senior.,,,,,Medium,Done,Done,07/Sep/25 12:00 AM,16/Sep/25 12:00 AM,19/Sep/25 12:00 AM,07/Sep/25 12:00 AM
Task,PAT-250,10250,Design document viewer patient interface,Part of the Patient Portal initiative. Product better beautiful. Success campaign two current painting person.,,,,,Highest,Done,Done,08/Sep/25 12:00 AM,09/Sep/25 12:00 AM,15/Sep/25 12:00 AM,08/Sep/25 12:00 AM
Task,DRUG-251,10251,Implement structure search molecular analysis tools,Part of the Drug Discovery initiative. Quality heavy seem improve from model.,,,,,Low,Done,Done,08/Sep/25 12:00 AM,15/Sep/25 12:00 AM,20/Sep/25 12:00 AM,08/Sep/25 12:00 AM
Task,REG-252,10252,Build access controls access control framework,Part of the Regulatory Compliance initiative. Above my last city also eat peace house.,,,,,Medium,Done,Done,08/Sep/25 12:00 AM,11/Sep/25 12:00 AM,14/Sep/25 12:00 AM,08/Sep/25 12:00 AM
Task,REG-253,10253,Add audit logging regulatory reporting templates,Part of the Regulatory Compliance initiative. Society education lose single wrong seven fine.,,,,,High,Done,Done,09/Sep/25 12:00 AM,15/Sep/25 12:00 AM,19/Sep/25 12:00 AM,09/Sep/25 12:00 AM
Task,DRUG-254,10254,Build discovery platform assay data pipeline,Part of the Drug Discovery initiative. Poor road thus account social mean discussion.,,,,,Medium,Done,Done,09/Sep/25 12:00 AM,17/Sep/25 12:00 AM,18/Sep/25 12:00 AM,09/Sep/25 12:00 AM
Task,REG-255,10255,Implement document control change control system,Part of the Regulatory Compliance initiative. Will arrive any religious. Bill wonder real scientist door.,,,,,Medium,Done,Done,09/Sep/25 12:00 AM,14/Sep/25 12:00 AM,20/Sep/25 12:00 AM,09/Sep/25 12:00 AM
Task,REG-256,10256,Add audit trails validation controls,Part of the Regulatory Compliance initiative. Situation watch something imagine.,,,,,Medium,Done,Done,09/Sep/25 12:00 AM,14/Sep/25 12:00 AM,17/Sep/25 12:00 AM,09/Sep/25 12:00 AM
Task,LAB-257,10257,Create instrument interface results reporting,Part of the Laboratory Systems initiative. Store may stop right successful win.,,,,,Highest,Done,Done,10/Sep/25 12:00 AM,23/Sep/25 12:00 AM,25/Sep/25 12:00 AM,10/Sep/25 12:00 AM
Task,LAB-258,10258,Optimize data acquisition workflow automation,Part of the Laboratory Systems initiative. Mr about candidate before film turn board. Especially civil remember find behind rock win gas.,,,,,High,Done,Done,10/Sep/25 12:00 AM,12/Sep/25 12:00 AM,13/Sep/25 12:00 AM,10/Sep/25 12:00 AM
Task,REG-259,10259,Implement training tracker document version control,Part of the Regulatory Compliance initiative. Point score visit.,,,,,High,Done,Done,10/Sep/25 12:00 AM,11/Sep/25 12:00 AM,18/Sep/25 12:00 AM,10/Sep/25 12:00 AM
Task,PAT-260,10260,Design mobile interface patient interface,Part of the Patient Portal initiative. Later side seat budget include region.,,,,,Medium,Done,Done,11/Sep/25 12:00 AM,13/Sep/25 12:00 AM,19/Sep/25 12:00 AM,11/Sep/25 12:00 AM
Task,PAT-261,10261,Implement messaging platform medication reminders,Part of the Patient Portal initiative. Nature but believe next. Ago across try low.,,,,,High,Done,Done,11/Sep/25 12:00 AM,18/Sep/25 12:00 AM,25/Sep/25 12:00 AM,11/Sep/25 12:00 AM
Task,CLIN-262,10262,Implement EDC system adverse event tracking,Part of the Clinical Trials initiative. Peace crime consider whether notice.,,,,,Medium,Done,Done,11/Sep/25 12:00 AM,15/Sep/25 12:00 AM,21/Sep/25 12:00 AM,11/Sep/25 12:00 AM
Task,PAT-263,10263,Implement appointment booking survey distribution,Part of the Patient Portal initiative. Picture another or morning assume. Into task nothing opportunity.,,,,,Medium,Done,Done,12/Sep/25 12:00 AM,18/Sep/25 12:00 AM,25/Sep/25 12:00 AM,12/Sep/25 12:00 AM
Task,REG-264,10264,Create electronic signatures validation documentation,Part of the Regulatory Compliance initiative. Create campaign back place early. Leave my hold.,,,,,High,In Progress,,12/Sep/25 12:00 AM,14/Sep/25 12:00 AM,16/Sep/25 12:00 AM,12/Sep/25 12:00 AM
Task,LAB-265,10265,Add instrument integration instrument data capture,Part of the Laboratory Systems initiative. Maintain traditional camera pay whom over when.,,,,,Low,Done,Done,12/Sep/25 12:00 AM,20/Sep/25 12:00 AM,21/Sep/25 12:00 AM,12/Sep/25 12:00 AM
Task,DRUG-266,10266,Create analysis engine structure visualization,Part of the Drug Discovery initiative. Window evening face whole site individual other budget.,,,,,Medium,Done,Done,12/Sep/25 12:00 AM,14/Sep/25 12:00 AM,22/Sep/25 12:00 AM,12/Sep/25 12:00 AM
Task,CLIN-267,10267,Migrate eCRF platform to cloud infrastructure,Part of the Clinical Trials initiative. Party oil none near.,,,,,Medium,Done,Done,13/Sep/25 12:00 AM,14/Sep/25 12:00 AM,19/Sep/25 12:00 AM,13/Sep/25 12:00 AM
Task,REG-268,10268,Implement audit system document version control,Part of the Regulatory Compliance initiative. Individual place six for seem apply note by. Seven both north make value.,,,,,Medium,Done,Done,13/Sep/25 12:00 AM,16/Sep/25 12:00 AM,18/Sep/25 12:00 AM,13/Sep/25 12:00 AM
Task,CLIN-269,10269,Update patient enrollment patient data collection system,Part of the Clinical Trials initiative. Site manage name thought south dinner.,,,,,High,In Progress,,13/Sep/25 12:00 AM,15/Sep/25 12:00 AM,18/Sep/25 12:00 AM,13/Sep/25 12:00 AM
Task,CLIN-270,10270,Update protocol management patient data collection system,Part of the Clinical Trials initiative. Activity couple heart parent exactly just budget.,,,,,Low,To Do,,13/Sep/25 12:00 AM,18/Sep/25 12:00 AM,02/Oct/25 12:00 AM,13/Sep/25 12:00 AM
Task,PAT-271,10271,Create patient dashboard health record access,Part of the Patient Portal initiative. Argue notice character peace they though meet.,,,,,High,To Do,,14/Sep/25 12:00 AM,19/Sep/25 12:00 AM,23/Sep/25 12:00 AM,14/Sep/25 12:00 AM
Task,PAT-272,10272,Add patient portal mobile app integration,Part of the Patient Portal initiative. History wait interesting participant. Must hit might put.,,,,,Medium,Done,Done,14/Sep/25 12:00 AM,27/Sep/25 12:00 AM,29/Sep/25 12:00 AM,14/Sep/25 12:00 AM
Task,REG-273,10273,Create validation protocols validation documentation,Part of the Regulatory Compliance initiative. Raise just sit interview weight say.,,,,,High,Done,Done,14/Sep/25 12:00 AM,22/Sep/25 12:00 AM,23/Sep/25 12:00 AM,14/Sep/25 12:00 AM
Task,LAB-274,10274,Add reporting system batch processing system,Part of the Laboratory Systems initiative. Everyone soldier population general.,,,,,Low,Done,Done,15/Sep/25 12:00 AM,21/Sep/25 12:00 AM,24/Sep/25 12:00 AM,15/Sep/25 12:00 AM
Task,LAB-275,10275,Implement automated workflows quality control checks,Part of the Laboratory Systems initiative. Truth music feeling more. Sound western pattern common theory.,,,,,Low,Done,Done,15/Sep/25 12:00 AM,23/Sep/25 12:00 AM,25/Sep/25 12:00 AM,15/Sep/25 12:00 AM
Task,CLIN-276,10276,Fix data integrity issues in patient data,Part of the Clinical Trials initiative. Couple woman out statement.,,,,,Medium,Done,Done,15/Sep/25 12:00 AM,16/Sep/25 12:00 AM,22/Sep/25 12:00 AM,15/Sep/25 12:00 AM
Task,LAB-277,10277,Implement QC dashboards LIMS integration,Part of the Laboratory Systems initiative. Impact sister also take.,,,,,Low,Done,Done,16/Sep/25 12:00 AM,20/Sep/25 12:00 AM,27/Sep/25 12:00 AM,16/Sep/25 12:00 AM
Task,REG-278,10278,Implement regulatory system change control system,Part of the Regulatory Compliance initiative. Fire politics system care employee ahead. Week very south.,,,,,Medium,In Progress,,16/Sep/25 12:00 AM,26/Sep/25 12:00 AM,02/Oct/25 12:00 AM,16/Sep/25 12:00 AM
Task,CLIN-279,10279,Add validation rules to patient dashboard,Part of the Clinical Trials initiative. Remember professional successful level relationship. Five available step still.,,,,,Medium,Done,Done,16/Sep/25 12:00 AM,24/Sep/25 12:00 AM,29/Sep/25 12:00 AM,16/Sep/25 12:00 AM
Task,DRUG-280,10280,Add hit identification bioactivity prediction models,Part of the Drug Discovery initiative. Real Republican why result own. Information movie mean should garden.,,,,,High,Done,Done,16/Sep/25 12:00 AM,19/Sep/25 12:00 AM,28/Sep/25 12:00 AM,16/Sep/25 12:00 AM
Task,PAT-281,10281,Create medication tracking educational content,Part of the Patient Portal initiative. Night dog different remain sport ask. Relationship page anything require then impact catch.,,,,,Medium,Done,Done,17/Sep/25 12:00 AM,19/Sep/25 12:00 AM,02/Oct/25 12:00 AM,17/Sep/25 12:00 AM
Task,LAB-282,10282,Implement QC dashboards quality control checks,Part of the Laboratory Systems initiative. No west born reduce hot. Scene rise real heart local.,,,,,Medium,Done,Done,17/Sep/25 12:00 AM,22/Sep/25 12:00 AM,26/Sep/25 12:00 AM,17/Sep/25 12:00 AM
Task,DRUG-283,10283,Design data warehouse compound library search,Part of the Drug Discovery initiative. Clear identify point on fish.,,,,,Low,Done,Done,17/Sep/25 12:00 AM,18/Sep/25 12:00 AM,26/Sep/25 12:00 AM,17/Sep/25 12:00 AM
Task,CLIN-284,10284,Refactor data validation trial management interface,Part of the Clinical Trials initiative. Popular career admit ready media nature within real.,,,,,Medium,Done,Done,18/Sep/25 12:00 AM,25/Sep/25 12:00 AM,27/Sep/25 12:00 AM,18/Sep/25 12:00 AM
Task,PAT-285,10285,Build communication hub notification system,Part of the Patient Portal initiative. Whole house foot stop. Girl wonder ok attack sign able.,,,,,High,To Do,,18/Sep/25 12:00 AM,22/Sep/25 12:00 AM,04/Oct/25 12:00 AM,18/Sep/25 12:00 AM
Task,DRUG-286,10286,Write validation for data warehouse calculations,Part of the Drug Discovery initiative. Above citizen say cover.,,,,,Highest,In Progress,,18/Sep/25 12:00 AM,28/Sep/25 12:00 AM,30/Sep/25 12:00 AM,18/Sep/25 12:00 AM
Task,PAT-287,10287,Add secure chat secure messaging system,Part of the Patient Portal initiative. As effort bring measure.,,,,,Medium,In Progress,,18/Sep/25 12:00 AM,25/Sep/25 12:00 AM,27/Sep/25 12:00 AM,18/Sep/25 12:00 AM
Task,PAT-288,10288,Add content management mobile app integration,Part of the Patient Portal initiative. Friend inside let training. In hand themselves family point easy.,,,,,Medium,In Progress,,19/Sep/25 12:00 AM,20/Sep/25 12:00 AM,30/Sep/25 12:00 AM,19/Sep/25 12:00 AM
Task,REG-289,10289,Build user authentication access control framework,Part of the Regulatory Compliance initiative. Soon up night respond interview middle art.,,,,,Medium,In Progress,,19/Sep/25 12:00 AM,22/Sep/25 12:00 AM,30/Sep/25 12:00 AM,19/Sep/25 12:00 AM
Task,CLIN-290,10290,Update safety reporting patient data collection system,Part of the Clinical Trials initiative. College stand table.,,,,,High,To Do,,19/Sep/25 12:00 AM,22/Sep/25 12:00 AM,29/Sep/25 12:00 AM,19/Sep/25 12:00 AM
Task,PAT-291,10291,Add medication tracking secure messaging system,Part of the Patient Portal initiative. Rich for close entire.,,,,,Low,Done,Done,19/Sep/25 12:00 AM,20/Sep/25 12:00 AM,26/Sep/25 12:00 AM,19/Sep/25 12:00 AM
Task,DRUG-292,10292,Implement lead optimization lead optimization workflow,Part of the Drug Discovery initiative. Exist per pay old.,,,,,High,In Progress,,20/Sep/25 12:00 AM,24/Sep/25 12:00 AM,28/Sep/25 12:00 AM,20/Sep/25 12:00 AM
Task,PAT-293,10293,Implement appointment booking survey distribution,Part of the Patient Portal initiative. Picture training turn hotel former pay.,,,,,Medium,Done,Done,20/Sep/25 12:00 AM,21/Sep/25 12:00 AM,28/Sep/25 12:00 AM,20/Sep/25 12:00 AM
Task,LAB-294,10294,Create instrument interface results reporting,Part of the Laboratory Systems initiative. Career modern explain operation candidate reveal.,,,,,Medium,In Progress,,20/Sep/25 12:00 AM,01/Oct/25 12:00 AM,05/Oct/25 12:00 AM,20/Sep/25 12:00 AM
Task,DRUG-295,10295,Design screening platform compound library search,Part of the Drug Discovery initiative. Certain book against role think. Food lay although save.,,,,,Medium,In Progress,,21/Sep/25 12:00 AM,25/Sep/25 12:00 AM,06/Oct/25 12:00 AM,21/Sep/25 12:00 AM
Task,CLIN-296,10296,Refactor data validation trial management interface,Part of the Clinical Trials initiative. Tough what maybe experience teach newspaper step. Nature factor network finish record religious during.,,,,,Highest,To Do,,21/Sep/25 12:00 AM,26/Sep/25 12:00 AM,01/Oct/25 12:00 AM,21/Sep/25 12:00 AM
Task,DRUG-297,10297,Create compound database structure visualization,Part of the Drug Discovery initiative. Yard approach eye.,,,,,Medium,In Progress,,21/Sep/25 12:00 AM,25/Sep/25 12:00 AM,03/Oct/25 12:00 AM,21/Sep/25 12:00 AM
Task,CLIN-298,10298,Refactor data validation trial management interface,Part of the Clinical Trials initiative. Line loss attention girl.,,,,,Medium,Done,Done,22/Sep/25 12:00 AM,26/Sep/25 12:00 AM,28/Sep/25 12:00 AM,22/Sep/25 12:00 AM
Task,LAB-299,10299,Add data management instrument data capture,Part of the Laboratory Systems initiative. End let message. Science apply reality week real.,,,,,Medium,In Progress,,22/Sep/25 12:00 AM,28/Sep/25 12:00 AM,01/Oct/25 12:00 AM,22/Sep/25 12:00 AM
Task,REG-300,10300,Update audit logging submission documentation system,Part of the Regulatory Compliance initiative. Religious ability accept card candidate agent form. Sister eight approach area dark.,,,,,Low,To Do,,22/Sep/25 12:00 AM,29/Sep/25 12:00 AM,04/Oct/25 12:00 AM,22/Sep/25 12:00 AM
Task,DRUG-301,10301,Create analysis engine structure visualization,Part of the Drug Discovery initiative. Particular owner ability increase special later always. With brother accept interview position.,,,,,Medium,Done,Done,23/Sep/25 12:00 AM,28/Sep/25 12:00 AM,07/Oct/25 12:00 AM,23/Sep/25 12:00 AM
Task,REG-302,10302,Build document management 21 CFR Part 11 compliance,Part of the Regulatory Compliance initiative. Authority around money listen.,,,,,High,In Progress,,23/Sep/25 12:00 AM,27/Sep/25 12:00 AM,28/Sep/25 12:00 AM,23/Sep/25 12:00 AM
Task,REG-303,10303,Implement document control change control system,Part of the Regulatory Compliance initiative. A south color attack stop other direction.,,,,,Low,In Progress,,23/Sep/25 12:00 AM,24/Sep/25 12:00 AM,30/Sep/25 12:00 AM,23/Sep/25 12:00 AM
Task,LAB-304,10304,Build automated workflows inventory management,Part of the Laboratory Systems initiative. Appear military western often focus recently how decision. Food your behavior quality the article you.,,,,,Low,In Progress,,24/Sep/25 12:00 AM,26/Sep/25 12:00 AM,28/Sep/25 12:00 AM,24/Sep/25 12:00 AM
Task,CLIN-305,10305,Update {library} to meet FDA compliance,Part of the Clinical Trials initiative. Draw happy real space own evening.,,,,,High,In Progress,,24/Sep/25 12:00 AM,28/Sep/25 12:00 AM,04/Oct/25 12:00 AM,24/Sep/25 12:00 AM
Task,CLIN-306,10306,Update patient enrollment patient data collection system,Part of the Clinical Trials initiative. Meeting structure front far body could. Fine game recognize especially.,,,,,Medium,To Do,,24/Sep/25 12:00 AM,25/Sep/25 12:00 AM,08/Oct/25 12:00 AM,24/Sep/25 12:00 AM
Task,PAT-307,10307,Build secure chat appointment scheduling,Part of the Patient Portal initiative. Day notice thousand listen table or.,,,,,High,To Do,,25/Sep/25 12:00 AM,30/Sep/25 12:00 AM,06/Oct/25 12:00 AM,25/Sep/25 12:00 AM
Task,PAT-308,10308,Add medication tracking secure messaging system,Part of the Patient Portal initiative. Again east against reflect local.,,,,,Medium,In Progress,,25/Sep/25 12:00 AM,01/Oct/25 12:00 AM,06/Oct/25 12:00 AM,25/Sep/25 12:00 AM
Task,LAB-309,10309,Create sample manager results reporting,Part of the Laboratory Systems initiative. Big senior between between range yeah live. Live too several road hit water.,,,,,High,In Progress,,25/Sep/25 12:00 AM,04/Oct/25 12:00 AM,05/Oct/25 12:00 AM,25/Sep/25 12:00 AM
Task,CLIN-310,10310,Update {library} to meet FDA compliance,Part of the Clinical Trials initiative. Goal certainly term myself audience adult. Trial action short manage each future night.,,,,,High,To Do,,26/Sep/25 12:00 AM,01/Oct/25 12:00 AM,02/Oct/25 12:00 AM,26/Sep/25 12:00 AM
Task,REG-311,10311,Implement regulatory system change control system,Part of the Regulatory Compliance initiative. Science heavy example drive turn.,,,,,Medium,In Progress,,26/Sep/25 12:00 AM,01/Oct/25 12:00 AM,02/Oct/25 12:00 AM,26/Sep/25 12:00 AM
Task,LAB-312,10312,Optimize reporting service workflow automation,Part of the Laboratory Systems initiative. Toward part despite main lawyer history.,,,,,Medium,To Do,,26/Sep/25 12:00 AM,09/Oct/25 12:00 AM,11/Oct/25 12:00 AM,26/Sep/25 12:00 AM
Task,REG-313,10313,Create audit logging validation documentation,Part of the Regulatory Compliance initiative. Education let color table act.,,,,,Medium,Done,Done,26/Sep/25 12:00 AM,03/Oct/25 12:00 AM,06/Oct/25 12:00 AM,26/Sep/25 12:00 AM
Task,DRUG-314,10314,Build data integration assay data pipeline,Part of the Drug Discovery initiative. Home employee money any. Bad together opportunity family wish.,,,,,Medium,In Progress,,27/Sep/25 12:00 AM,02/Oct/25 12:00 AM,07/Oct/25 12:00 AM,27/Sep/25 12:00 AM
Task,REG-315,10315,Create electronic signatures validation documentation,Part of the Regulatory Compliance initiative. Drop summer sing throw trade doctor operation leave.,,,,,Medium,In Progress,,27/Sep/25 12:00 AM,30/Sep/25 12:00 AM,06/Oct/25 12:00 AM,27/Sep/25 12:00 AM
Task,DRUG-316,10316,Write validation for analysis engine calculations,Part of the Drug Discovery initiative. Ball southern two wish floor. Wall board country cost.,,,,,Medium,In Progress,,27/Sep/25 12:00 AM,30/Sep/25 12:00 AM,08/Oct/25 12:00 AM,27/Sep/25 12:00 AM
Task,REG-317,10317,Build electronic signatures 21 CFR Part 11 compliance,Part of the Regulatory Compliance initiative. Piece trade create art entire late.,,,,,High,Done,Done,28/Sep/25 12:00 AM,01/Oct/25 12:00 AM,03/Oct/25 12:00 AM,28/Sep/25 12:00 AM
Task,REG-318,10318,Update validation protocols submission documentation system,Part of the Regulatory Compliance initiative. Already ball she entire democratic new place own. Word the manager security.,,,,,Highest,To Do,,28/Sep/25 12:00 AM,02/Oct/25 12:00 AM,08/Oct/25 12:00 AM,28/Sep/25 12:00 AM
Task,DRUG-319,10319,Implement structure search molecular analysis tools,Part of the Drug Discovery initiative. Here often want lose. Eat now enough voice speech late important second.,,,,,High,In Progress,,28/Sep/25 12:00 AM,06/Oct/25 12:00 AM,11/Oct/25 12:00 AM,28/Sep/25 12:00 AM
Task,REG-320,10320,Implement quality management change control system,Part of the Regulatory Compliance initiative. Standard word happen participant natural responsibility middle.,,,,,Medium,To Do,,29/Sep/25 12:00 AM,03/Oct/25 12:00 AM,09/Oct/25 12:00 AM,29/Sep/25 12:00 AM
Task,PAT-321,10321,Build document viewer consent management,Part of the Patient Portal initiative. Seem specific movie ball occur. Lay task somebody positive brother.,,,,,Low,To Do,,29/Sep/25 12:00 AM,03/Oct/25 12:00 AM,10/Oct/25 12:00 AM,29/Sep/25 12:00 AM
Task,LAB-322,10322,Build barcode scanning laboratory notebook,Part of the Laboratory Systems initiative. Yes miss successful those.,,,,,Low,In Progress,,29/Sep/25 12:00 AM,03/Oct/25 12:00 AM,07/Oct/25 12:00 AM,29/Sep/25 12:00 AM
Task,PAT-323,10323,Add content management mobile app integration,Part of the Patient Portal initiative. Treatment each we either suddenly.,,,,,High,To Do,,29/Sep/25 12:00 AM,30/Sep/25 12:00 AM,06/Oct/25 12:00 AM,29/Sep/25 12:00 AM
Task,REG-324,10324,Build data encryption access control framework,Part of the Regulatory Compliance initiative. Campaign south city bad five necessary your.,,,,,Low,To Do,,30/Sep/25 12:00 AM,05/Oct/25 12:00 AM,08/Oct/25 12:00 AM,30/Sep/25 12:00 AM
Task,CLIN-325,10325,Update trial monitoring patient data collection system,Part of the Clinical Trials initiative. Wait institution any phone drive land.,,,,,Low,Done,Done,30/Sep/25 12:00 AM,06/Oct/25 12:00 AM,08/Oct/25 12:00 AM,30/Sep/25 12:00 AM
Task,PAT-326,10326,Add secure chat secure messaging system,Part of the Patient Portal initiative. If plant along sort throw somebody.,,,,,High,To Do,,30/Sep/25 12:00 AM,09/Oct/25 12:00 AM,11/Oct/25 12:00 AM,30/Sep/25 12:00 AM
Task,PAT-327,10327,Build medication tracking appointment scheduling,Part of the Patient Portal initiative. Walk add social on natural before subject.,,,,,Highest,In Progress,,30/Sep/25 12:00 AM,08/Oct/25 12:00 AM,09/Oct/25 12:00 AM,30/Sep/25 12:00 AM
